Taxon,Region,FirstRecord
,Africa,
,Americas,
,Asia and the Pacific,
,Europe and Central Asia,
Abies alba,Europe and Central Asia,1912
Ablerus clisiocampae,Europe and Central Asia,1953
Abramis brama,Europe and Central Asia,1985
Abrus precatorius,Americas,1971
Abutilon theophrasti,Americas,1860
Abutilon theophrasti,Asia and the Pacific,657
Abutilon theophrasti,Europe and Central Asia,1869
Acacia baileyana,Africa,1919
Acacia baileyana,Americas,1905
Acacia cyclops,Africa,1839
Acacia cyclops,Americas,1907
Acacia cyclops,Europe and Central Asia,1929
Acacia dealbata,Africa,1858
Acacia dealbata,Americas,1869
Acacia dealbata,Asia and the Pacific,1869
Acacia dealbata,Europe and Central Asia,1835
Acacia decurrens,Africa,1885
Acacia decurrens,Asia and the Pacific,1871
Acacia elata,Africa,1937
Acacia longifolia,Africa,1827
Acacia longifolia,Americas,1905
Acacia longifolia,Asia and the Pacific,1896
Acacia longifolia,Europe and Central Asia,1989
Acacia mangium,Americas,1970
Acacia mearnsii,Africa,1858
Acacia mearnsii,Americas,1910
Acacia mearnsii,Asia and the Pacific,1899
Acacia mearnsii,Europe and Central Asia,1968
Acacia melanoxylon,Africa,1848
Acacia melanoxylon,Americas,1800
Acacia melanoxylon,Asia and the Pacific,1918
Acacia melanoxylon,Europe and Central Asia,1968
Acacia paradoxa,Africa,1858
Acacia paradoxa,Asia and the Pacific,1910
Acacia podalyriifolia,Africa,1942
Acacia provincialis,Europe and Central Asia,1862
Acacia pycnantha,Africa,1892
Acacia pycnantha,Europe and Central Asia,1968
Acacia saligna,Africa,1833
Acacia saligna,Europe and Central Asia,1827
Acacia verticillata,Asia and the Pacific,1945
Acaena agnipila,Asia and the Pacific,1870
Acaena novae-zelandiae,Americas,1067
Acaena novae-zelandiae,Europe and Central Asia,1901
Acalypha virginica,Europe and Central Asia,1760
Acanthogobius flavimanus,Americas,1998
Acanthogobius flavimanus,Asia and the Pacific,1971
Acantholyda erythrocephala,Americas,1925
Acanthoscelides obtectus,Europe and Central Asia,1976
Acanthospermum australe,Africa,1931
Acanthospermum hispidum,Africa,1917
Acanthospermum hispidum,Asia and the Pacific,1917
Acanthus mollis,Asia and the Pacific,1953
Acanthus mollis,Europe and Central Asia,1820
Acartia tonsa,Europe and Central Asia,1916
Acentrogobius pflaumii,Asia and the Pacific,1996
Acer negundo,Europe and Central Asia,1688
Acer platanoides,Americas,1756
Acer pseudoplatanus,Americas,1844
Acer pseudoplatanus,Asia and the Pacific,1879
Acer pseudoplatanus,Europe and Central Asia,1600
Acer tataricum,Americas,1860
Acer tataricum,Europe and Central Asia,1912
Aceria litchii,Americas,1993
Acheilognathus macropterus,Asia and the Pacific,2001
Acheilognathus rhombeus,Asia and the Pacific,1975
Achillea filipendulina,Americas,2012
Achillea millefolium,Americas,1875
Achillea nobilis,Europe and Central Asia,1872
Achillea ptarmica,Americas,1806
Achyranthes aspera,Africa,1652
Achyranthes aspera,Americas,1903
Acipenser baerii,Americas,1993
Acipenser transmontanus,Americas,1997
Acorus calamus,Europe and Central Asia,1504
Acridotheres burmannicus,Europe and Central Asia,2002
Acridotheres fuscus,Asia and the Pacific,1890
Acridotheres ginginianus,Asia and the Pacific,1972
Acridotheres javanicus,Asia and the Pacific,1915
Acridotheres tristis,Africa,1750
Acridotheres tristis,Asia and the Pacific,1850
Acridotheres tristis,Europe and Central Asia,1987
Actinidia chinensis,Asia and the Pacific,1963
Aculops lycopersici,Asia and the Pacific,1986
Adelges abietis,Americas,1900
Adelges cooleyi,Europe and Central Asia,1950
Adelges nordmannianae,Europe and Central Asia,1900
Adelges piceae,Americas,1900
Adelges tsugae,Americas,1922
Adiantum capillus-veneris,Americas,1861
Adiantum hispidulum,Americas,1993
Adiantum raddianum,Asia and the Pacific,1982
Aedes aegypti,Americas,1986
Aedes aegypti,Asia and the Pacific,1944
Aedes albopictus,Africa,1991
Aedes albopictus,Americas,1988
Aedes albopictus,Asia and the Pacific,1988
Aedes albopictus,Europe and Central Asia,1979
Aegilops cylindrica,Americas,1926
Aegilops triuncialis,Americas,1928
Aegopodium podagraria,Americas,1874
Aeonium arboreum,Europe and Central Asia,1830
Aeschynomene americana,Asia and the Pacific,1962
Aesculus hippocastanum,Americas,1894
Aesculus hippocastanum,Europe and Central Asia,1800
Aethina tumida,Europe and Central Asia,2014
Agapanthus praecox,Asia and the Pacific,1952
Agaricus subperonatus,Europe and Central Asia,1925
Agave americana,Africa,1858
Agave americana,Asia and the Pacific,1868
Agave americana,Europe and Central Asia,1561
Agave sisalana,Africa,1929
Agave sisalana,Americas,1826
Ageratina adenophora,Africa,1945
Ageratina adenophora,Americas,1878
Ageratina adenophora,Asia and the Pacific,1925
Ageratina riparia,Africa,1980
Ageratina riparia,Asia and the Pacific,1905
Ageratum conyzoides,Africa,1943
Ageratum conyzoides,Asia and the Pacific,1800
Ageratum houstonianum,Africa,1858
Ageratum houstonianum,Asia and the Pacific,1860
Agrilus planipennis,Americas,2002
Agrilus planipennis,Europe and Central Asia,2003
Agriosphodrus dohrni,Asia and the Pacific,1936
Agropyron cristatum,Americas,1917
Agropyron fragile,Americas,2008
Agrostemma githago,Americas,1861
Agrostemma githago,Asia and the Pacific,1800
Agrostis capillaris,Americas,1747
Agrostis capillaris,Asia and the Pacific,1867
Agrostis castellana,Americas,1924
Agrostis gigantea,Americas,1884
Agrostis stolonifera,Americas,1860
Ailanthus altissima,Africa,1834
Ailanthus altissima,Americas,1902
Ailanthus altissima,Asia and the Pacific,19
Ailanthus altissima,Europe and Central Asia,1760
Aira caryophyllea,Americas,1881
Aix galericulata,Europe and Central Asia,1650
Ajuga reptans,Americas,1884
Ajuga reptans,Asia and the Pacific,1953
Akebia quinata,Asia and the Pacific,1940
Albizia julibrissin,Americas,1745
Albizia julibrissin,Asia and the Pacific,1939
Albizia lebbeck,Africa,1905
Albizia lebbeck,Americas,1886
Albizia procera,Africa,1885
Alburnus alburnus,Europe and Central Asia,2001
Alcea rosea,Americas,1931
Alcea rosea,Europe and Central Asia,1953
Alchemilla mollis,Europe and Central Asia,1938
Alchemilla monticola,Americas,1916
Alectoris chukar,Europe and Central Asia,1930
Alectoris rufa,Europe and Central Asia,1673
Alepes djedaba,Europe and Central Asia,1924
Aleurodicus dispersus,Asia and the Pacific,1988
Aleurodicus dugesii,Americas,1997
Aleurodicus rugioperculatus,Americas,2009
Aleuroglandulus subtilis,Americas,1921
Alexandrium minutum,Europe and Central Asia,1994
Alexandrium tamarense,Europe and Central Asia,1986
Aleyrodicus rugioperculatus,Americas,2009
Alhagi maurorum,Africa,1898
Alhagi maurorum,Americas,1915
Alliaria petiolata,Americas,1868
Allium paradoxum,Europe and Central Asia,1849
Allium roseum,Europe and Central Asia,1837
Allium triquetrum,Asia and the Pacific,1899
Allium vineale,Americas,1743
Alnus alnobetula,Asia and the Pacific,1987
Alnus alnobetula,Europe and Central Asia,2001
Alnus glutinosa,Americas,1877
Alnus glutinosa,Asia and the Pacific,1913
Alnus incana,Europe and Central Asia,1935
Alocasia brisbanensis,Asia and the Pacific,1867
Alopecurus arundinaceus,Americas,1935
Alopecurus geniculatus,Americas,1859
Alopecurus myosuroides,Americas,1914
Alopecurus pratensis,Americas,1813
Alopochen aegyptiaca,Europe and Central Asia,1650
Alosa pseudoharengus,Americas,1935
Alpheus edwardsii,Europe and Central Asia,1951
Alpheus inopinatus,Europe and Central Asia,1951
Alpheus rapacida,Europe and Central Asia,1960
Alphitobius diaperinus,Europe and Central Asia,1982
Alphitophagus bifasciatus,Europe and Central Asia,1976
Alternanthera philoxeroides,Americas,1893
Alternanthera philoxeroides,Asia and the Pacific,1892
Alternanthera pungens,Asia and the Pacific,1950
Alternanthera sessilis,Americas,1975
Alyssum alyssoides,Americas,1895
Amanita muscaria,Asia and the Pacific,1880
Amanita phalloides,Americas,1886
Amaranthus albus,Americas,1821
Amaranthus albus,Asia and the Pacific,1929
Amaranthus albus,Europe and Central Asia,1723
Amaranthus blitoides,Europe and Central Asia,1889
Amaranthus blitum,Asia and the Pacific,1897
Amaranthus blitum,Europe and Central Asia,1990
Amaranthus cruentus,Asia and the Pacific,1848
Amaranthus cruentus,Europe and Central Asia,1711
Amaranthus deflexus,Europe and Central Asia,1789
Amaranthus emarginatus,Europe and Central Asia,1998
Amaranthus hybridus,Americas,1849
Amaranthus hybridus,Asia and the Pacific,1848
Amaranthus hybridus,Europe and Central Asia,1824
Amaranthus muricatus,Europe and Central Asia,1967
Amaranthus palmeri,Asia and the Pacific,1984
Amaranthus paniculatus,Europe and Central Asia,1985
Amaranthus polygonoides,Asia and the Pacific,1979
Amaranthus powellii,Europe and Central Asia,1853
Amaranthus retroflexus,Americas,1849
Amaranthus retroflexus,Asia and the Pacific,1849
Amaranthus retroflexus,Europe and Central Asia,1532
Amaranthus spinosus,Africa,1931
Amaranthus spinosus,Asia and the Pacific,19
Amaranthus tuberculatus,Europe and Central Asia,1975
Amaranthus viridis,Africa,1942
Amaranthus viridis,Asia and the Pacific,1864
Amaranthus viridis,Europe and Central Asia,1886
Amatitlania nigrofasciata,Americas,2000
Ambigolimax valentianus,Asia and the Pacific,1951
Ambrosia artemisiifolia,Asia and the Pacific,1930
Ambrosia artemisiifolia,Europe and Central Asia,1772
Ambrosia psilostachya,Europe and Central Asia,1945
Ambrosia trifida,Asia and the Pacific,1930
Ambrosia trifida,Europe and Central Asia,1928
Ameiurus melas,Europe and Central Asia,1880
Ameiurus nebulosus,Americas,1908
Ameiurus nebulosus,Europe and Central Asia,1885
Amelanchier lamarckii,Europe and Central Asia,1870
Amelanchier spicata,Europe and Central Asia,1875
Ammannia coccinea,Americas,1983
Ammannia coccinea,Asia and the Pacific,1952
Ammannia coccinea,Europe and Central Asia,1957
Ammannia latifolia,Americas,1991
Ammi majus,Americas,1976
Ammophila arenaria,Americas,1896
Ammophila arenaria,Asia and the Pacific,1872
Amorpha fruticosa,Americas,1910
Amorpha fruticosa,Asia and the Pacific,1912
Amorpha fruticosa,Europe and Central Asia,1724
Amphiareus obscuriceps,Europe and Central Asia,2003
Amphibalanus amphitrite,Europe and Central Asia,1905
Amphibalanus improvisus,Asia and the Pacific,1940
Amphibalanus improvisus,Europe and Central Asia,1844
Amphibalanus reticulatus,Americas,1990
Anadara inaequivalvis,Europe and Central Asia,1982
Anadara transversa,Europe and Central Asia,1977
Anarsia lineatella,Americas,1629
Anas platyrhynchos,Americas,2004
Anastrepha obliqua,Americas,1933
Anathymus lineaticollis,Asia and the Pacific,1986
Anchusa azurea,Americas,1892
Anchusa officinalis,Americas,1920
Andrias davidianus,Asia and the Pacific,1972
Andropogon gayanus,Americas,1942
Andropogon gayanus,Asia and the Pacific,1956
Andropogon virginicus,Asia and the Pacific,1940
Andropogon virginicus,Europe and Central Asia,1885
Anethum graveolens,Americas,1934
Angelica pachycarpa,Asia and the Pacific,1968
Angelica sylvestris,Americas,1968
Angiopteris evecta,Americas,1965
Anguillicola crassus,Americas,1995
Anguillicola crassus,Europe and Central Asia,1980
Anguina agrostis,Asia and the Pacific,1987
Annona glabra,Asia and the Pacific,1843
Anoda cristata,Americas,1846
Anolis aeneus,Americas,1808
Anolis carolinensis,Asia and the Pacific,1965
Anolis cristatellus,Americas,1911
Anolis cybotes,Americas,1964
Anolis distichus,Americas,1946
Anolis garmani,Americas,1975
Anolis porcatus,Americas,1936
Anolis sagrei,Americas,1887
Anoplolepis gracilipes,Africa,1962
Anoplolepis gracilipes,Asia and the Pacific,1876
Anoplophora chinensis,Europe and Central Asia,1994
Anoplophora glabripennis,Americas,1996
Anoplophora glabripennis,Europe and Central Asia,2003
Anredera cordifolia,Africa,1894
Anredera cordifolia,Asia and the Pacific,1894
Anser anser,Americas,2001
Anthemis cotula,Americas,1862
Antheraea yamamai,Europe and Central Asia,1866
Anthonomus grandis,Americas,1949
Anthoxanthum odoratum,Americas,1860
Anthoxanthum odoratum,Asia and the Pacific,1891
Anthrenus caucasicus,Europe and Central Asia,1941
Anthriscus caucalis,Americas,1878
Anthriscus sylvestris,Americas,1904
Antigonon leptopus,Asia and the Pacific,1870
Antilope cervicapra,Americas,1985
Aonidiella aurantii,Americas,1874
Apera spica-venti,Americas,1975
Aphanius dispar,Europe and Central Asia,1943
Aphanomyces astaci,Europe and Central Asia,1877
Aphanostigma piri,Asia and the Pacific,1979
Aphis citricidus,Americas,1995
Aphis forbesi,Europe and Central Asia,1969
Aphis spiraephaga,Europe and Central Asia,1955
Apios americana,Europe and Central Asia,1642
Apis mellifera,Americas,1967
Apium graveolens,Americas,1874
Aponogeton distachyos,Asia and the Pacific,1869
Aproceros leucopoda,Europe and Central Asia,2009
Aquilegia vulgaris,Europe and Central Asia,1803
Aquilonastra burtoni,Europe and Central Asia,1953
Arabis caucasica,Europe and Central Asia,1658
Aramigus tessellatus,Americas,1939
Arapaima gigas,Asia and the Pacific,1992
Araujia sericifera,Africa,1918
Araujia sericifera,Americas,1895
Araujia sericifera,Asia and the Pacific,1888
Araujia sericifera,Europe and Central Asia,1842
Arctium lappa,Americas,1901
Arctium minus,Americas,1860
Arctium minus,Asia and the Pacific,1894
Arctium tomentosum,Europe and Central Asia,1843
Arctotheca calendula,Americas,1940
Arctotheca calendula,Asia and the Pacific,1869
Arctotheca calendula,Europe and Central Asia,1804
Arctotheca prostrata,Americas,1984
Arcuatula senhousia,Americas,1970
Arcuatula senhousia,Europe and Central Asia,1971
Ardisia crenata,Africa,1955
Ardisia crenata,Americas,1982
Arenaria serpyllifolia,Americas,1813
Arge berberidis,Europe and Central Asia,2000
Argemone mexicana,Africa,1894
Argemone mexicana,Asia and the Pacific,1910
Argemone ochroleuca,Africa,1885
Argemone ochroleuca,Asia and the Pacific,1903
Argyresthia thuiella,Europe and Central Asia,1988
Arion distinctus,Europe and Central Asia,1950
Arion lusitanicus,Europe and Central Asia,1957
Arion rufus,Europe and Central Asia,1850
Arion vulgaris,Europe and Central Asia,1829
Aristea ecklonii,Asia and the Pacific,1889
Aristolochia elegans,Africa,1914
Armoracia rusticana,Americas,1865
Armoracia rusticana,Europe and Central Asia,1777
Arrhenatherum elatius,Americas,1882
Arrhenatherum elatius,Asia and the Pacific,1931
Arrhenatherum elatius,Europe and Central Asia,1867
Artemia franciscana,Europe and Central Asia,1985
Artemisia absinthium,Americas,1860
Artemisia annua,Americas,1962
Artemisia annua,Europe and Central Asia,1772
Artemisia biennis,Europe and Central Asia,1917
Artemisia sieversiana,Asia and the Pacific,1952
Artemisia verlotiorum,Asia and the Pacific,1926
Artemisia verlotiorum,Europe and Central Asia,1897
Artemisia vulgaris,Americas,1813
Arthraxon hispidus,Americas,1984
Arthurdendyus triangulatus,Europe and Central Asia,1963
Arum italicum,Americas,1960
Arum italicum,Asia and the Pacific,1945
Aruncus dioicus,Europe and Central Asia,1923
Arundo donax,Africa,1811
Arundo donax,Americas,1847
Arundo donax,Asia and the Pacific,1936
Arundo donax,Europe and Central Asia,1787
Ascidiella aspersa,Americas,2012
Ascidiella aspersa,Asia and the Pacific,1898
Asclepias syriaca,Europe and Central Asia,1901
Asparagopsis armata,Europe and Central Asia,1949
Asparagopsis taxiformis,Europe and Central Asia,1808
Asparagus aethiopicus,Asia and the Pacific,1951
Asparagus africanus,Asia and the Pacific,1976
Asparagus asparagoides,Americas,1947
Asparagus asparagoides,Asia and the Pacific,1843
Asparagus declinatus,Asia and the Pacific,1888
Asparagus scandens,Asia and the Pacific,1945
Asparagus setaceus,Asia and the Pacific,1959
Asperugo procumbens,Americas,1910
Asphodelus fistulosus,Americas,1930
Asphodelus fistulosus,Asia and the Pacific,1868
Aster lanceolatus,Europe and Central Asia,1863
Aster salignus,Europe and Central Asia,1700
Aster subulatus,Asia and the Pacific,1947
Asterias amurensis,Asia and the Pacific,1985
Asterias rubens,Europe and Central Asia,2003
Asterocarpa humilis,Europe and Central Asia,2013
Asterolecanium minus,Americas,2000
Asterolecanium variolosum,Americas,1904
Astragalus cicer,Americas,1910
Astragalus sinicus,Asia and the Pacific,1709
Astronotus ocellatus,Americas,1971
Atherinomorus lacunosus,Europe and Central Asia,1924
Atrichonotus taeniatulus,Americas,1902
Atriplex hortensis,Americas,1895
Atriplex lindleyi,Africa,1906
Atriplex patula,Americas,1898
Atriplex rosea,Americas,1983
Atriplex sagittata,Europe and Central Asia,1892
Atriplex semibaccata,Americas,1898
Atriplex suberecta,Americas,1965
Atriplex tatarica,Americas,1954
Aulacaspis yasumatsui,Asia and the Pacific,2008
Aulagromyza populicola,Americas,1956
Australoheros facetus,Europe and Central Asia,1940
Australoplana sanguinea,Europe and Central Asia,1970
Austrocylindropuntia cylindrica,Asia and the Pacific,1955
Austrocylindropuntia subulata,Asia and the Pacific,2005
Austrominius modestus,Europe and Central Asia,1940
Austropuccinia psidii,Asia and the Pacific,2010
Austrostipa rudis,Asia and the Pacific,1989
Avena barbata,Americas,1600
Avena fatua,Americas,1850
Avena fatua,Asia and the Pacific,-1000
Avena sativa,Americas,1600
Avena sterilis,Asia and the Pacific,2007
Avena strigosa,Europe and Central Asia,1880
Axis axis,Americas,1906
Axis axis,Asia and the Pacific,1905
Axis porcinus,Asia and the Pacific,1866
Axonopus fissifolius,Asia and the Pacific,1953
Axyris amaranthoides,Americas,1942
Azadirachta indica,Africa,1915
Azadirachta indica,Americas,2000
Azadirachta indica,Asia and the Pacific,1809
Azolla filiculoides,Africa,1948
Azolla filiculoides,Asia and the Pacific,1970
Azolla filiculoides,Europe and Central Asia,1850
Babka gymnotrachelus,Europe and Central Asia,1995
Baccharis halimifolia,Asia and the Pacific,1975
Baccharis halimifolia,Europe and Central Asia,1683
Bactrocera correcta,Asia and the Pacific,1989
Bactrocera cucurbitae,Africa,1999
Bactrocera cucurbitae,Asia and the Pacific,1919
Bactrocera dorsalis,Asia and the Pacific,1911
Bactrocera invadens,Africa,2005
Bactrocera tsuneonis,Asia and the Pacific,1956
Balanus glandula,Africa,1992
Bambusa textilis,Americas,1963
Banksia integrifolia,Asia and the Pacific,1989
Barbarea verna,Americas,1914
Barbonymus gonionotus,Asia and the Pacific,1956
Barbronia weberi,Europe and Central Asia,2005
Barbus barbus,Europe and Central Asia,1995
Barentsia benedeni,Americas,1929
Bartlettina sordida,Asia and the Pacific,1974
Bassia hyssopifolia,Americas,1919
Bassia indica,Africa,1930
Bassia scoparia,Americas,1898
Batocera rufomaculata,Europe and Central Asia,1942
Batrachedra knabi,Europe and Central Asia,2016
Bauhinia variegata,Africa,1891
Bellardia trixago,Americas,1889
Bellis perennis,Americas,1818
Bellis perennis,Europe and Central Asia,1778
Bemisia tabaci,Americas,1897
Bemisia tabaci,Asia and the Pacific,1949
Berberis darwinii,Americas,1966
Berberis darwinii,Asia and the Pacific,1945
Berberis glaucocarpa,Asia and the Pacific,1916
Berberis julianae,Americas,2005
Berberis thunbergii,Americas,1872
Berberis thunbergii,Europe and Central Asia,1953
Berberis vulgaris,Americas,1883
Bergenia crassifolia,Europe and Central Asia,1800
Beroe ovata,Europe and Central Asia,1996
Berteroa incana,Americas,1925
Berteroa incana,Europe and Central Asia,1820
Beta vulgaris,Europe and Central Asia,1988
Betula pendula,Americas,1891
Betula pendula,Asia and the Pacific,1879
Biancaea decapetala,Africa,1858
Biancaea decapetala,Asia and the Pacific,1964
Biddulphia sinensis,Europe and Central Asia,1910
Bidens alba,Asia and the Pacific,1933
Bidens aurea,Europe and Central Asia,1958
Bidens bipinnata,Africa,1969
Bidens bipinnata,Europe and Central Asia,1701
Bidens connata,Europe and Central Asia,1995
Bidens frondosa,Asia and the Pacific,1900
Bidens frondosa,Europe and Central Asia,1760
Bidens pilosa,Africa,1906
Bidens pilosa,Americas,1881
Bidens pilosa,Asia and the Pacific,1857
Bidens pilosa,Europe and Central Asia,1992
Bidens subalternans,Americas,1978
Bidens subalternans,Europe and Central Asia,2005
Bischofia javanica,Asia and the Pacific,1905
Biwia zezera,Asia and the Pacific,1960
Blackfordia virginica,Americas,1963
Blackfordia virginica,Europe and Central Asia,1937
Blastopsylla occidentalis,Americas,2001
Blatta orientalis,Americas,1886
Blattella asahinai,Americas,1986
Blattella germanica,Asia and the Pacific,1935
Boa constrictor,Americas,1968
Boccardia polybranchia,Europe and Central Asia,1893
Boccardia proboscidea,Africa,2004
Boerhavia coccinea,Europe and Central Asia,1963
Bomarea multiflora,Asia and the Pacific,1964
Bombus ruderatus,Americas,1983
Bombus terrestris,Americas,1998
Bombus terrestris,Asia and the Pacific,1992
Bonamia ostreae,Europe and Central Asia,1987
Bonnemaisonia hamifera,Europe and Central Asia,1874
Borago officinalis,Americas,1849
Bos javanicus,Asia and the Pacific,-3500
Bos taurus,Americas,1509
Bos taurus,Asia and the Pacific,1910
Boselaphus tragocamelus,Americas,1985
Bothriochloa pertusa,Americas,1968
Botrylloides violaceus,Americas,1993
Botrylloides violaceus,Europe and Central Asia,2000
Botryllus schlosseri,Americas,1942
Botryllus schlosseri,Asia and the Pacific,1977
Bougainvillia rugosa,Europe and Central Asia,1964
Brachiaria brizantha,Americas,1967
Brachiaria dictyoneura,Americas,1970
Brachiaria eminii,Americas,1950
Brachiaria mutica,Americas,1915
Brachiaria mutica,Asia and the Pacific,1939
Brachidontes pharaonis,Africa,1876
Brachidontes pharaonis,Asia and the Pacific,1978
Brachidontes pharaonis,Europe and Central Asia,1960
Brachypodium distachyon,Americas,1929
Brachypodium sylvaticum,Americas,1939
Branchiomma bairdi,Europe and Central Asia,2015
Branchiomma luctuosum,Europe and Central Asia,1978
Branchiura sowerbyi,Europe and Central Asia,1918
Branta canadensis,Asia and the Pacific,1985
Branta canadensis,Europe and Central Asia,1650
Branta hutchinsii,Europe and Central Asia,1945
Brasiliopuntia schickendantzii,Asia and the Pacific,1993
Brassica juncea,Americas,1893
Brassica napus,Americas,1846
Brassica nigra,Americas,1846
Brassica oleracea,Americas,1931
Brassica rapa,Americas,1846
Brassica tournefortii,Americas,1927
Briza maxima,Americas,1881
Briza maxima,Asia and the Pacific,1879
Briza minor,Americas,1800
Bromus briziformis,Americas,1894
Bromus catharticus,Americas,1892
Bromus catharticus,Asia and the Pacific,1882
Bromus catharticus,Europe and Central Asia,1977
Bromus catharticus var. catharticus,Asia and the Pacific,1940
Bromus diandrus,Americas,1881
Bromus diandrus,Europe and Central Asia,1835
Bromus hordeaceus,Americas,1800
Bromus inermis,Americas,1875
Bromus inermis,Europe and Central Asia,1800
Bromus japonicus,Americas,1891
Bromus madritensis,Americas,1875
Bromus racemosus,Americas,1882
Bromus rigidus,Americas,1923
Bromus rubens,Americas,1894
Bromus secalinus,Americas,1876
Bromus squarrosus,Americas,1986
Bromus sterilis,Americas,1896
Bromus tectorum,Americas,1848
Bromus tectorum,Asia and the Pacific,1869
Bromus tectorum,Europe and Central Asia,1865
Brontispa longissima,Asia and the Pacific,1975
Broussonetia papyrifera,Africa,1969
Broussonetia papyrifera,Europe and Central Asia,1760
Browallia americana,Africa,1961
Bruchus pisorum,Asia and the Pacific,1951
Bruchus pisorum,Europe and Central Asia,1850
Bruchus rufimanus,Asia and the Pacific,1933
Brugmansia suaveolens,Asia and the Pacific,1956
Bryonia alba,Americas,1964
Bryonia cretica,Asia and the Pacific,1991
Bubalus bubalis,Americas,1895
Bubalus bubalis,Asia and the Pacific,1825
Bubo bubo,Europe and Central Asia,1832
Bubulcus ibis,Americas,1957
Buddleja davidii,Americas,1939
Buddleja davidii,Asia and the Pacific,1945
Buddleja davidii,Europe and Central Asia,1895
Buddleja dysophylla,Asia and the Pacific,1963
Buddleja madagascariensis,Asia and the Pacific,1945
Buddleja salviifolia,Asia and the Pacific,1953
Bufo gargarizans,Asia and the Pacific,1937
Bufo japonicus,Asia and the Pacific,1960
Bugula neritina,Americas,1937
Bugula neritina,Asia and the Pacific,1986
Bugula neritina,Europe and Central Asia,1900
Bunias orientalis,Europe and Central Asia,1790
Bursaphelenchus mucronatus,Asia and the Pacific,1905
Bursatella leachii,Africa,1982
Bursatella leachii,Europe and Central Asia,1959
Butis koilomatodon,Americas,1989
Butomus umbellatus,Americas,1897
Bythotrephes cederstroemi,Americas,1965
Bythotrephes longimanus,Americas,1982
Cabomba caroliniana,Americas,1991
Cabomba caroliniana,Asia and the Pacific,1929
Cabomba caroliniana,Europe and Central Asia,1980
Cactoblastis cactorum,Americas,1957
Cacyreus marshalli,Europe and Central Asia,1997
Caiman crocodilus,Americas,1959
Cairina moschata,Europe and Central Asia,1985
Cajanus cajan,Americas,1941
Cakile maritima,Americas,1935
Calendula officinalis,Americas,1848
Calendula tripterocarpa,Americas,1960
Calicotome spinosa,Asia and the Pacific,1933
Caliroa cerasi,Americas,1799
Callicarpa dichotoma,Americas,1886
Callidiellum rufipennis,Americas,1954
Callidiellum rufipennis,Europe and Central Asia,1988
Callinectes sapidus,Africa,1963
Callinectes sapidus,Europe and Central Asia,1947
Callionymus filamentosus,Europe and Central Asia,1951
Callisia repens,Africa,1999
Callistachys lanceolata,Asia and the Pacific,1931
Callistemon rigidus,Asia and the Pacific,1974
Callistemon viminalis,Americas,1985
Callithrix jacchus,Americas,1900
Callitriche stagnalis,Americas,1861
Callosciurus erythraeus,Americas,1970
Callosciurus erythraeus,Asia and the Pacific,1935
Callosciurus erythraeus,Europe and Central Asia,1998
Callosciurus finlaysonii,Europe and Central Asia,1981
Callosobruchus analis,Asia and the Pacific,1995
Callosobruchus maculatus,Asia and the Pacific,1960
Calluna vulgaris,Americas,1891
Calluna vulgaris,Asia and the Pacific,1909
Calomycterus setarius,Americas,1929
Calopogonium mucunoides,Africa,1929
Calotis lappulacea,Asia and the Pacific,1882
Calotropis procera,Americas,1900
Calyptospadix cerulea,Americas,1901
Calyptospadix cerulea,Europe and Central Asia,1978
Calystegia pulchra,Europe and Central Asia,1910
Calystegia sepium,Americas,1878
Calystegia silvatica,Asia and the Pacific,1903
Camelina alyssum,Americas,2001
Camelina microcarpa,Americas,1894
Camelina sativa,Americas,1910
Camelus dromedarius,Asia and the Pacific,1863
Cameraria ohridella,Europe and Central Asia,1993
Campanula cervicaria,Americas,1946
Campanula glomerata,Americas,1901
Campanula glomerata,Europe and Central Asia,1863
Campanula rapunculoides,Americas,1879
Campanula rapunculoides,Europe and Central Asia,1800
Campuloclinium macrocephalum,Africa,1962
Campylopus introflexus,Americas,1994
Campylopus introflexus,Europe and Central Asia,1941
Cancer irroratus,Europe and Central Asia,2019
Canis lupus,Americas,1500
Canis lupus,Asia and the Pacific,1404
Canis lupus,Europe and Central Asia,1960
Canna generalis,Africa,1964
Canna indica,Africa,1800
Canna indica,Asia and the Pacific,1869
Cannabis sativa,Americas,1918
Cannabis sativa,Europe and Central Asia,1868
Capra hircus,Africa,1512
Capra hircus,Americas,1500
Capra hircus,Asia and the Pacific,1788
Capra hircus,Europe and Central Asia,1350
Caprella mutica,Americas,1997
Caprella mutica,Europe and Central Asia,1920
Caprella scaura,Europe and Central Asia,1990
Capsella bursa-pastoris,Americas,1846
Capsella grandiflora,Europe and Central Asia,1877
Caragana arborescens,Americas,1882
Caragana arborescens,Europe and Central Asia,1800
Carassius auratus,Americas,1856
Carassius auratus,Asia and the Pacific,1876
Carassius auratus,Europe and Central Asia,1650
Carassius carassius,Asia and the Pacific,1915
Carassius cuvieri,Asia and the Pacific,1959
Carassius gibelio,Europe and Central Asia,1600
Carcinus aestuarii,Asia and the Pacific,1984
Carcinus maenas,Americas,1950
Carcinus maenas,Asia and the Pacific,1816
Cardamine flexuosa,Americas,1897
Cardamine hirsuta,Americas,1933
Cardamine impatiens,Americas,1954
Cardiospermum grandiflorum,Africa,1912
Carduelis carduelis,Americas,1913
Carduus acanthoides,Americas,1907
Carduus acanthoides,Asia and the Pacific,1896
Carduus nutans,Americas,1853
Carduus nutans,Asia and the Pacific,1898
Carduus pycnocephalus,Americas,1929
Carduus tenuiflorus,Americas,1877
Carex acutiformis,Americas,1987
Carex divulsa,Asia and the Pacific,1918
Carex flacca,Asia and the Pacific,1883
Carex kobomugi,Americas,2008
Carex longibrachiata,Asia and the Pacific,1902
Carex lurida,Asia and the Pacific,1945
Carex pendula,Americas,1956
Carex scoparia,Asia and the Pacific,1948
Carpobrotus acinaciformis,Europe and Central Asia,1713
Carpobrotus chilensis,Americas,1860
Carpobrotus edulis,Americas,1886
Carpobrotus edulis,Asia and the Pacific,1882
Carpobrotus edulis,Europe and Central Asia,1818
Carpomya vesuviana,Asia and the Pacific,2007
Carpophilus hemipterus,Europe and Central Asia,1983
Carthamus lanatus,Americas,1891
Carthamus lanatus,Asia and the Pacific,1931
Carthamus tinctorius,Americas,1903
Carulaspis juniperi,Americas,1903
Cassiopea andromeda,Europe and Central Asia,1903
Castor canadensis,Americas,1945
Castor canadensis,Europe and Central Asia,1936
Castor fiber,Europe and Central Asia,1935
Casuarina cunninghamiana,Africa,1903
Casuarina cunninghamiana,Americas,1944
Casuarina equisetifolia,Africa,1858
Casuarina equisetifolia,Americas,1865
Catharanthus roseus,Africa,1652
Catharanthus roseus,Americas,1933
Catharanthus roseus,Asia and the Pacific,1661
Caulerpa cylindracea,Africa,1985
Caulerpa cylindracea,Europe and Central Asia,1993
Caulerpa racemosa,Africa,1926
Caulerpa taxifolia,Africa,2000
Caulerpa taxifolia,Europe and Central Asia,1984
Caverelius saccharivorus,Asia and the Pacific,1914
Cecropia peltata,Africa,1910
Celleporaria brunnea,Europe and Central Asia,2011
Celtodoryx ciocalyptoides,Europe and Central Asia,1992
Cenchrus ciliaris,Americas,1917
Cenchrus clandestinus,Africa,1915
Cenchrus clandestinus,Americas,1908
Cenchrus clandestinus,Asia and the Pacific,1936
Cenchrus echinatus,Africa,1991
Cenchrus echinatus,Asia and the Pacific,1934
Cenchrus longisetus,Africa,1917
Cenchrus longisetus,Americas,1916
Cenchrus longispinus,Europe and Central Asia,1975
Cenchrus macrourus,Asia and the Pacific,1940
Cenchrus myosuroides,Americas,1925
Cenchrus polystachios,Americas,1991
Cenchrus polystachios,Asia and the Pacific,1930
Cenchrus purpureus,Africa,1930
Cenchrus purpureus,Americas,1910
Cenchrus setaceus,Africa,1936
Cenchrus setaceus,Americas,1906
Cenchrus setaceus,Asia and the Pacific,1975
Cenchrus setaceus,Europe and Central Asia,1952
Cenchrus spinifex,Americas,1939
Cenchrus spinifex,Asia and the Pacific,1945
Cenchrus spinifex,Europe and Central Asia,1927
Centaurea benedicta,Americas,1848
Centaurea calcitrapa,Americas,1887
Centaurea calcitrapa,Asia and the Pacific,1843
Centaurea cyanus,Americas,1880
Centaurea debeauxii,Americas,1935
Centaurea diffusa,Americas,1907
Centaurea diffusa,Europe and Central Asia,1855
Centaurea diluta,Americas,1909
Centaurea diluta,Europe and Central Asia,1995
Centaurea iberica,Americas,1923
Centaurea jacea,Americas,1884
Centaurea jacea,Europe and Central Asia,1913
Centaurea macrocephala,Americas,1918
Centaurea melitensis,Americas,1052
Centaurea montana,Americas,1914
Centaurea montana,Europe and Central Asia,1737
Centaurea nigra,Americas,1911
Centaurea nigrescens,Americas,1932
Centaurea scabiosa,Americas,1910
Centaurea solstitialis,Americas,1869
Centaurea stoebe,Americas,1910
Centaurea varnensis,Americas,1953
Centaurea virgata,Americas,1950
Centaurium erythraea,Americas,1903
Centella asiatica,Americas,1911
Centranthus ruber,Americas,1904
Cerastium arvense,Americas,1846
Cerastium fontanum,Americas,1832
Cerastium glomeratum,Americas,1743
Cerastium glomeratum,Asia and the Pacific,1913
Cerastium nemorale,Europe and Central Asia,2011
Cerastium tomentosum,Europe and Central Asia,1873
Ceratocephala orthoceras,Americas,1935
Ceratophyllum demersum,Asia and the Pacific,1969
Ceratophyllum submersum,Europe and Central Asia,1966
Cercopagis pengoi,Europe and Central Asia,1959
Cercopithecus mona,Africa,1475
Cereus jamacaru,Africa,1925
Cerithium scabridum,Africa,1883
Cerithium scabridum,Europe and Central Asia,1899
Cervus elaphus,Americas,1574
Cervus elaphus,Asia and the Pacific,1851
Cervus elaphus,Europe and Central Asia,1865
Cervus nippon,Asia and the Pacific,1905
Cervus nippon,Europe and Central Asia,1860
Cestrum aurantiacum,Asia and the Pacific,1948
Cestrum axillare,Africa,1892
Cestrum elegans,Asia and the Pacific,1944
Cestrum nocturnum,Americas,1935
Cestrum nocturnum,Asia and the Pacific,1962
Cestrum parqui,Asia and the Pacific,1908
Cestrum parqui,Europe and Central Asia,1795
Chaenorhinum minus,Americas,1981
Chaenorhinum minus,Europe and Central Asia,1803
Chaetophractus villosus,Americas,1982
Chama pacifica,Europe and Central Asia,1988
Chamaecyparis lawsoniana,Asia and the Pacific,1940
Chamberlinius hualienensis,Asia and the Pacific,1983
Channa argus,Americas,1970
Channa argus,Asia and the Pacific,1923
Channa asiatica,Asia and the Pacific,1960
Channa maculata,Africa,1978
Channa maculata,Americas,2001
Channa maculata,Asia and the Pacific,1906
Channa marulius,Americas,2000
Channa striata,Asia and the Pacific,1908
Charybdis hellerii,Africa,1933
Charybdis hellerii,Europe and Central Asia,1924
Charybdis japonica,Asia and the Pacific,1999
Charybdis longicollis,Europe and Central Asia,1954
Chasmanthe aethiopica,Europe and Central Asia,1796
Chasmanthe floribunda,Americas,1960
Chelicorophium chelicorne,Europe and Central Asia,1956
Chelicorophium curvispinum,Europe and Central Asia,1900
Chelicorophium maeoticum,Europe and Central Asia,1969
Chelicorophium mucronatum,Europe and Central Asia,1969
Chelicorophium nobile,Europe and Central Asia,1956
Chelicorophium robustum,Europe and Central Asia,1956
Chelydra serpentina,Asia and the Pacific,1962
Chenopodiastrum murale,Americas,1849
Chenopodium album,Africa,1922
Chenopodium album,Americas,1847
Chenopodium album,Asia and the Pacific,1886
Chenopodium ficifolium,Americas,1849
Chenopodium hircinum,Americas,1849
Chenopodium vulvaria,Americas,1925
Cherax quadricarinatus,Africa,1992
Cherax quadricarinatus,Americas,1993
Chionoecetes opilio,Europe and Central Asia,1925
Chloris gayana,Asia and the Pacific,1913
Chloris radiata,Americas,1930
Chloris virgata,Americas,1955
Chlorocebus aethiops,Americas,1699
Chlorocebus sabaeus,Americas,1627
Chondrilla juncea,Americas,1955
Chondrilla juncea,Asia and the Pacific,1979
Chorispora tenella,Americas,1923
Chorispora tenella,Europe and Central Asia,1993
Christella dentata,Americas,2012
Chromaphis juglandicola,Europe and Central Asia,1935
Chromolaena odorata,Africa,1858
Chromolaena odorata,Asia and the Pacific,1825
Chrysolina americana,Europe and Central Asia,1886
Chrysomphalus aonidum,Americas,1880
Chrysomphalus aonidum,Europe and Central Asia,1895
Chrysomya rufifacies,Americas,1991
Cichorium intybus,Americas,1848
Cichorium intybus,Europe and Central Asia,1777
Cinara cupressi,Africa,1986
Cinara cupressi,Americas,2003
Cinara cupressi,Europe and Central Asia,1980
Cinchona pubescens,Asia and the Pacific,1865
Cinnamomum camphora,Africa,1846
Cinnamomum camphora,Americas,1936
Cinnamomum camphora,Asia and the Pacific,1832
Ciona intestinalis,Americas,1854
Cirrhinus cirrhosus,Africa,1960
Cirrhinus cirrhosus,Asia and the Pacific,1984
Cirsium arvense,Americas,1881
Cirsium arvense,Asia and the Pacific,1878
Cirsium palustre,Americas,1908
Cirsium palustre,Asia and the Pacific,1911
Cirsium vulgare,Africa,1898
Cirsium vulgare,Americas,1832
Cirsium vulgare,Asia and the Pacific,1867
Citrostichus phyllocnistoides,Americas,2005
Citrus aurantium,Asia and the Pacific,1978
Cladanthus mixtus,Americas,1920
Cladius grandis,Americas,1887
Cladonema pacificum,Americas,1979
Clarias batrachus,Americas,1960
Clarias batrachus,Asia and the Pacific,1939
Clarias gariepinus,Americas,1986
Clarias gariepinus,Asia and the Pacific,1974
Clarias macrocephalus,Asia and the Pacific,1990
Clathrus archeri,Europe and Central Asia,1973
Claviceps purpurea,Europe and Central Asia,2001
Claytonia perfoliata,Europe and Central Asia,1867
Claytonia sibirica,Europe and Central Asia,1942
Clematis alpina,Europe and Central Asia,2001
Clematis flammula,Asia and the Pacific,1961
Clematis montana,Asia and the Pacific,1968
Clematis orientalis,Americas,1916
Clematis terniflora,Asia and the Pacific,1986
Clematis tibetana,Asia and the Pacific,1967
Clematis vitalba,Americas,1897
Clematis vitalba,Asia and the Pacific,1928
Clematis vitalba,Europe and Central Asia,1952
Clerodendrum chinense,Americas,1900
Clidemia hirta,Africa,1914
Clytia hummelincki,Europe and Central Asia,1996
Cobaea scandens,Asia and the Pacific,1945
Coccinella septempunctata,Americas,1979
Codium fragile,Africa,1985
Codium fragile,Americas,1989
Codium fragile,Europe and Central Asia,1895
Coix lacryma-jobi,Americas,1896
Coleophora laricella,Americas,1886
Coleophora serratella,Americas,1885
Colinus virginianus,Asia and the Pacific,1982
Collomia biflora,Asia and the Pacific,1878
Colocasia esculenta,Americas,1910
Colpomenia peregrina,Europe and Central Asia,1921
Columba livia,Africa,1975
Columba livia,Americas,1972
Columba livia,Asia and the Pacific,1350
Columba livia,Europe and Central Asia,1996
Colutea arborescens,Americas,1943
Colutea arborescens,Europe and Central Asia,1819
Commelina benghalensis,Americas,1947
Commelina communis,Europe and Central Asia,1703
Conicosia pugioniformis,Americas,1841
Conium maculatum,Americas,1822
Conium maculatum,Asia and the Pacific,1871
Conium maculatum,Europe and Central Asia,1935
Conomurex persicus,Europe and Central Asia,1983
Conringia orientalis,Americas,1906
Contarinia baeri,Americas,1953
Contarinia nasturtii,Americas,2004
Contarinia pisi,Europe and Central Asia,1910
Contarinia quinquenotata,Americas,2007
Convallaria majalis,Americas,1813
Convoluta convoluta,Americas,1999
Convolvulus arvensis,Americas,1820
Convolvulus arvensis,Asia and the Pacific,1879
Conyza bonariensis,Americas,1902
Coptodon rendalli,Africa,1951
Coptodon rendalli,Americas,1974
Coptodon zillii,Africa,1955
Coptodon zillii,Americas,1945
Coptodon zillii,Europe and Central Asia,1978
Coptotermes formosanus,Americas,1957
Coptotermes formosanus,Asia and the Pacific,1600
Coptotermes gestroi,Americas,1996
Corambe obscura,Europe and Central Asia,1986
Corbicula fluminalis,Europe and Central Asia,1980
Corbicula fluminea,Americas,1900
Corbicula fluminea,Asia and the Pacific,1986
Corbicula fluminea,Europe and Central Asia,1977
Corbicula largillierti,Americas,1970
Corchorus aestuans,Asia and the Pacific,1845
Cordyline australis,Americas,1938
Cordylophora caspia,Europe and Central Asia,1800
Coregonus albula,Europe and Central Asia,1951
Coregonus clupeaformis,Americas,1886
Coregonus peled,Europe and Central Asia,1954
Corella eumyota,Europe and Central Asia,2002
Coreopsis lanceolata,Africa,1962
Coreopsis lanceolata,Asia and the Pacific,1883
Coreopsis tinctoria,Asia and the Pacific,1900
Corispermum marschallii,Europe and Central Asia,1762
Corispermum pallasii,Europe and Central Asia,1940
Cornu aspersum,Americas,1500
Cornu aspersum,Europe and Central Asia,1890
Cornus alba,Europe and Central Asia,1869
Cornus capitata,Asia and the Pacific,1916
Cornus sericea,Europe and Central Asia,1838
Coronilla varia,Americas,1866
Coronilla varia,Europe and Central Asia,1895
Cortaderia jubata,Africa,1958
Cortaderia jubata,Americas,1946
Cortaderia jubata,Asia and the Pacific,1950
Cortaderia selloana,Africa,1955
Cortaderia selloana,Americas,1800
Cortaderia selloana,Asia and the Pacific,1925
Cortaderia selloana,Europe and Central Asia,1850
Corvus splendens,Africa,1610
Corvus splendens,Asia and the Pacific,1790
Corvus splendens,Europe and Central Asia,1975
Corydalis nobilis,Europe and Central Asia,1705
Corydalis solida,Europe and Central Asia,1857
Corylus avellana,Americas,1837
Corythucha arcuata,Europe and Central Asia,2000
Corythucha ciliata,Asia and the Pacific,2002
Corythucha ciliata,Europe and Central Asia,1972
Coscinodiscus wailesii,Europe and Central Asia,1978
Cosmos bipinnatus,Americas,1894
Cosmos bipinnatus,Asia and the Pacific,1911
Cosmos sulphureus,Asia and the Pacific,1938
Cota tinctoria,Americas,1885
Cotoneaster ascendens,Europe and Central Asia,1959
Cotoneaster bullatus,Europe and Central Asia,1938
Cotoneaster dielsianus,Europe and Central Asia,1929
Cotoneaster divaricatus,Europe and Central Asia,1929
Cotoneaster franchetii,Africa,1937
Cotoneaster franchetii,Americas,1914
Cotoneaster franchetii,Asia and the Pacific,1946
Cotoneaster glaucophyllus,Asia and the Pacific,1965
Cotoneaster horizontalis,Asia and the Pacific,1984
Cotoneaster horizontalis,Europe and Central Asia,1940
Cotoneaster integrifolius,Europe and Central Asia,1895
Cotoneaster lacteus,Asia and the Pacific,1981
Cotoneaster lucidus,Europe and Central Asia,1797
Cotoneaster microphyllus,Asia and the Pacific,1915
Cotoneaster multiflorus,Europe and Central Asia,1978
Cotoneaster pannosus,Africa,1931
Cotoneaster pannosus,Americas,1946
Cotoneaster simonsii,Americas,1942
Cotoneaster simonsii,Asia and the Pacific,1950
Cotoneaster simonsii,Europe and Central Asia,1910
Cotula australis,Americas,1868
Cotula coronopifolia,Americas,1862
Cotula coronopifolia,Europe and Central Asia,1700
Coturnix japonica,Europe and Central Asia,1950
Cotyledon orbiculata,Asia and the Pacific,1952
Crangonyx floridanus,Asia and the Pacific,1989
Crangonyx pseudogracilis,Europe and Central Asia,1933
Craspedacusta sowerbii,Europe and Central Asia,1995
Crassocephalum crepidioides,Asia and the Pacific,1930
Crassocephalum crepidioides,Europe and Central Asia,1980
Crassocephalum rubens,Asia and the Pacific,2008
Crassula helmsii,Europe and Central Asia,1956
Crassula multicava,Asia and the Pacific,1957
Crataegus laevigata,Europe and Central Asia,1827
Crataegus monogyna,Americas,1901
Crataegus monogyna,Asia and the Pacific,1898
Crepidula fornicata,Europe and Central Asia,1872
Crepidula onyx,Asia and the Pacific,1968
Crepis capillaris,Americas,1873
Crepis capillaris,Europe and Central Asia,1662
Crepis tectorum,Americas,1915
Crocidura dsinezumi,Asia and the Pacific,1956
Crocidura russula,Europe and Central Asia,2001
Crocosmia crocosmiiflora,Americas,1983
Crocosmia crocosmiiflora,Asia and the Pacific,1929
Crocus vernus,Europe and Central Asia,1860
Cronartium ribicola,Americas,1900
Cronquistianthus bulliferus,Asia and the Pacific,1896
Crotalaria retusa,Americas,1939
Croton bonplandianus,Asia and the Pacific,1897
Cruciata pedemontana,Americas,1973
Crupina vulgaris,Americas,1969
Cryphonectria parasitica,Americas,1876
Cryptococcus fagisuga,Americas,1890
Cryptodiaporthe populea,Americas,1915
Cryptorhynchus lapathi,Americas,1882
Cryptorhynchus lapathi,Asia and the Pacific,1953
Cryptostegia grandiflora,Americas,1915
Cryptostegia grandiflora,Asia and the Pacific,1875
Cryptotermes brevis,Africa,1936
Cryptotermes brevis,Americas,1932
Ctenarytaina eucalypti,Americas,1991
Ctenarytaina eucalypti,Europe and Central Asia,1925
Ctenopharyngodon idella,Americas,1965
Ctenopharyngodon idella,Asia and the Pacific,1878
Ctenopharyngodon idella,Europe and Central Asia,1959
Ctenosaura similis,Americas,1970
Cucumis dipsaceus,Americas,1899
Cumanotus beaumonti,Americas,1967
Cuniculus paca,Americas,1930
Cupaniopsis anacardioides,Americas,1950
Cuphea carthagenensis,Asia and the Pacific,20
Cupressus lusitanica,Africa,1900
Cupressus macrocarpa,Asia and the Pacific,1903
Cuscuta approximata,Americas,1892
Cuscuta japonica,Americas,2004
Cuscuta pentagona,Africa,1894
Cuscuta pentagona,Asia and the Pacific,1970
Cuscuta pentagona,Europe and Central Asia,1824
Cuscuta scandens,Europe and Central Asia,1935
Cyclachaena xanthiifolia,Europe and Central Asia,1997
Cyclamen hederifolium,Americas,2011
Cycloloma atriplicifolium,Europe and Central Asia,1829
Cyclops strenuus,Americas,1972
Cyclospermum leptophyllum,Asia and the Pacific,1900
Cydalima perspectalis,Europe and Central Asia,2007
Cydia pomonella,Asia and the Pacific,1953
Cygnus olor,Americas,1890
Cygnus olor,Asia and the Pacific,1977
Cygnus olor,Europe and Central Asia,1959
Cylas formicarius,Asia and the Pacific,1903
Cylindropuntia fulgida,Africa,1973
Cylindropuntia fulgida,Asia and the Pacific,1995
Cylindropuntia kleiniae,Asia and the Pacific,2000
Cylindropuntia prolifera,Asia and the Pacific,1993
Cylindropuntia spinosior,Asia and the Pacific,2000
Cylindropuntia tunicata,Asia and the Pacific,1973
Cymbalaria muralis,Americas,1916
Cynara cardunculus,Americas,1750
Cynodon dactylon,Americas,1854
Cynodon dactylon,Asia and the Pacific,1846
Cynoglossum amabile,Americas,1938
Cynoglossum officinale,Americas,1743
Cynosurus echinatus,Americas,1912
Cyperus congestus,Asia and the Pacific,1982
Cyperus difformis,Americas,1915
Cyperus entrerianus,Americas,1974
Cyperus eragrostis,Asia and the Pacific,1870
Cyperus esculentus,Asia and the Pacific,1953
Cyperus esculentus,Europe and Central Asia,1975
Cyperus glomeratus,Europe and Central Asia,1719
Cyperus microiria,Europe and Central Asia,1908
Cyperus odoratus,Europe and Central Asia,2006
Cyperus papyrus,Americas,1947
Cyperus prolifer,Americas,1995
Cyperus rotundus,Americas,1600
Cyperus rotundus,Asia and the Pacific,25
Cyperus strigosus,Europe and Central Asia,1896
Cyprinus carpio,Africa,1860
Cyprinus carpio,Americas,1850
Cyprinus carpio,Asia and the Pacific,1872
Cyprinus carpio,Europe and Central Asia,1560
Cyrtepistomus castaneus,Americas,1933
Cyrtomium falcatum,Americas,1907
Cyrtopodion scabrum,Europe and Central Asia,1981
Cystobranchus fasciatus,Europe and Central Asia,1974
Cytisus multiflorus,Americas,1919
Cytisus multiflorus,Asia and the Pacific,1898
Cytisus scoparius,Americas,1847
Cytisus scoparius,Asia and the Pacific,1670
Cytisus scoparius,Europe and Central Asia,1819
Cytisus striatus,Americas,1978
Dactylis glomerata,Americas,1760
Dactylis glomerata,Asia and the Pacific,1863
Dactyloctenium aegyptium,Americas,1864
Dama dama,Americas,1887
Dama dama,Asia and the Pacific,1832
Dama dama,Europe and Central Asia,-100
Danio rerio,Americas,1971
Daphne laureola,Americas,1994
Daphne laureola,Asia and the Pacific,1957
Daphne mezereum,Americas,1818
Daphnia parvula,Europe and Central Asia,2002
Dasya baillouviana,Europe and Central Asia,1942
Dasyphila preissii,Europe and Central Asia,1966
Dasyprocta mexicana,Americas,1930
Dasyprocta punctata,Americas,1930
Dasysiphonia japonica,Europe and Central Asia,1840
Datura ferox,Africa,1908
Datura innoxia,Africa,1957
Datura innoxia,Asia and the Pacific,1832
Datura innoxia,Europe and Central Asia,1551
Datura stramonium,Africa,1724
Datura stramonium,Americas,1874
Datura stramonium,Asia and the Pacific,1405
Datura stramonium,Europe and Central Asia,1585
Daucus carota,Americas,1743
Daucus carota,Asia and the Pacific,1406
Delairea odorata,Americas,1892
Delairea odorata,Asia and the Pacific,1870
Delphinium orientale,Europe and Central Asia,1913
Delta pyriforme,Asia and the Pacific,1990
Dendroctonus valens,Asia and the Pacific,1980
Deparia petersenii,Americas,1957
Deraeocoris lutescens,Europe and Central Asia,1983
Deroceras laeve,Americas,1945
Deroceras panormitanum,Europe and Central Asia,1923
Descurainia sophia,Americas,1896
Diadumene lineata,Americas,2005
Dianthus armeria,Americas,1813
Dianthus barbatus,Americas,1922
Dianthus barbatus,Europe and Central Asia,1958
Dianthus deltoides,Americas,1837
Diaphorina citri,Americas,2001
Diaspidiotus perniciosus,Americas,1870
Diaspidiotus perniciosus,Europe and Central Asia,1933
Dichondra micrantha,Africa,1945
Didemnum vexillum,Americas,2013
Didemnum vexillum,Europe and Central Asia,1998
Digera muricata,Asia and the Pacific,1832
Digitalis purpurea,Americas,1892
Digitalis purpurea,Asia and the Pacific,1867
Digitaria eriantha,Americas,1938
Digitaria ischaemum,Americas,1898
Digitaria sanguinalis,Americas,1866
Digitaria velutina,Americas,1938
Dikerogammarus haemobaphes,Europe and Central Asia,1955
Dikerogammarus villosus,Europe and Central Asia,1955
Dinophysis acuminata,Africa,1991
Dioscorea bulbifera,Americas,1905
Diplosoma listerianum,Americas,2008
Diplotaxis muralis,Europe and Central Asia,1852
Diplotaxis tenuifolia,Europe and Central Asia,1887
Dipogon lignosus,Asia and the Pacific,1870
Diprion similis,Americas,1914
Dipsacus laciniatus,Americas,1930
Dipsacus laciniatus,Europe and Central Asia,1959
Dipsacus sativus,Americas,1875
Discoglossus pictus,Europe and Central Asia,1809
Discula destructiva,Americas,1975
Disphyma crassifolium,Europe and Central Asia,1936
Distaplia bermudensis,Europe and Central Asia,2000
Dittrichia graveolens,Americas,1984
Dittrichia viscosa,Americas,1913
Dodonaea viscosa,Europe and Central Asia,1901
Dolichandra unguis-cati,Africa,1927
Dolichandra unguis-cati,Asia and the Pacific,1840
Doronicum macrophyllum,Europe and Central Asia,1965
Doronicum orientale,Europe and Central Asia,1732
Dorvillea similis,Europe and Central Asia,2005
Draba verna,Americas,1902
Dreissena polymorpha,Americas,1619
Dreissena polymorpha,Europe and Central Asia,1794
Dreissena rostriformis,Americas,1998
Dreissena rostriformis,Europe and Central Asia,1941
Drosophila suzukii,Americas,2008
Drosophila suzukii,Europe and Central Asia,2008
Drymonema dalmatinum,Americas,1987
Dryocosmus kuriphilus,Americas,1974
Dryocosmus kuriphilus,Asia and the Pacific,1941
Dryocosmus kuriphilus,Europe and Central Asia,2002
Dryopteris filix-mas,Asia and the Pacific,1958
Duranta erecta,Africa,1858
Duranta erecta,Asia and the Pacific,1845
Dynaspidiotus tsugae,Americas,1900
Dysmicoccus brevipes,Asia and the Pacific,1921
Dysmicoccus neobrevipes,Asia and the Pacific,1998
Dyspanopeus sayi,Europe and Central Asia,1953
Dysphania ambrosioides,Americas,1877
Dysphania ambrosioides,Europe and Central Asia,1642
Dysphania multifida,Americas,1895
Dysphania pumilio,Americas,1882
Dysphania pumilio,Asia and the Pacific,1933
Dysphania pumilio,Europe and Central Asia,2005
Eccremocarpus scaber,Asia and the Pacific,1940
Echinochloa colona,Africa,1933
Echinochloa colona,Americas,1875
Echinochloa crus-galli,Americas,1875
Echinochloa crus-galli,Europe and Central Asia,1839
Echinocystis lobata,Europe and Central Asia,1911
Echinogammarus ischnus,Europe and Central Asia,1955
Echinogammarus trichiatus,Europe and Central Asia,1998
Echinogammarus warpachowskyi,Europe and Central Asia,1953
Echinops sphaerocephalus,Europe and Central Asia,1871
Echium candicans,Americas,1969
Echium plantagineum,Africa,1858
Echium plantagineum,Americas,1911
Echium vulgare,Africa,1913
Echium vulgare,Americas,1862
Echium vulgare,Asia and the Pacific,1869
Echium vulgare,Europe and Central Asia,1895
Eclipta prostrata,Americas,1848
Eclipta prostrata,Asia and the Pacific,1824
Egeria densa,Africa,1966
Egeria densa,Americas,1913
Egeria densa,Asia and the Pacific,1914
Egeria densa,Europe and Central Asia,1919
Ehrharta calycina,Americas,1940
Ehrharta erecta,Americas,1941
Ehrharta erecta,Asia and the Pacific,1944
Ehrharta longiflora,Americas,1992
Ehrharta villosa,Asia and the Pacific,1969
Eichhornia crassipes,Africa,1884
Eichhornia crassipes,Americas,1893
Eichhornia crassipes,Asia and the Pacific,1891
Eichhornia crassipes,Europe and Central Asia,1936
Eisenia fetida,Americas,1983
Elaeagnus angustifolia,Americas,1894
Elaeagnus angustifolia,Europe and Central Asia,1891
Elaeagnus commutata,Europe and Central Asia,1882
Elaeagnus reflexa,Asia and the Pacific,1940
Elaphe climacophora,Asia and the Pacific,1984
Elaphe taeniura,Asia and the Pacific,1958
Elatobium abietinum,Americas,1900
Eleusine indica,Americas,1865
Eleusine indica,Europe and Central Asia,1772
Eleusine tristachya,Americas,1968
Eleutherodactylus johnstonei,Americas,1890
Eleutherodactylus planirostris,Americas,1863
Elodea callitrichoides,Europe and Central Asia,1959
Elodea canadensis,Asia and the Pacific,1871
Elodea canadensis,Europe and Central Asia,1840
Elodea nuttallii,Asia and the Pacific,1931
Elodea nuttallii,Europe and Central Asia,1941
Elsholtzia ciliata,Europe and Central Asia,1902
Elymus repens,Americas,1650
Elymus sibiricus,Americas,1967
Embothrium coccineum,Asia and the Pacific,1986
Emex spinosa,Americas,1881
Emilia fosbergii,Americas,1980
Emilia sonchifolia,Americas,1941
Emys orbicularis,Europe and Central Asia,1905
Enarmonia formosana,Americas,1991
Enchelycore anatina,Europe and Central Asia,2002
Ensis leei,Europe and Central Asia,1979
Enteromius anoplus,Africa,1974
Eocyzicus orientalis,Europe and Central Asia,1981
Epilachna varivestis,Asia and the Pacific,1994
Epilobium brunnescens,Europe and Central Asia,1933
Epilobium ciliatum,Asia and the Pacific,1896
Epilobium ciliatum,Europe and Central Asia,1850
Epilobium ciliatum ciliatum,Europe and Central Asia,1869
Epilobium hirsutum,Americas,1743
Epilobium pseudorubescens,Europe and Central Asia,1781
Epinotia nanana,Americas,1907
Epipactis helleborine,Americas,1879
Epitrix hirtipennis,Europe and Central Asia,1983
Equisetum arvense,Asia and the Pacific,1920
Equus asinus,Americas,1500
Equus asinus,Asia and the Pacific,1914
Equus caballus,Americas,1509
Equus caballus,Asia and the Pacific,1400
Eragrostis cilianensis,Americas,1866
Eragrostis curvula,Americas,1915
Eragrostis curvula,Asia and the Pacific,1959
Eragrostis lehmanniana,Americas,1943
Eragrostis pectinacea,Europe and Central Asia,1834
Eranthis hyemalis,Europe and Central Asia,1903
Ercolania viridis,Europe and Central Asia,2001
Erechtites glomerata,Americas,1919
Erechtites valerianifolius,Asia and the Pacific,1964
Erica arborea,Asia and the Pacific,1934
Erica baccans,Asia and the Pacific,1935
Erica caffra,Asia and the Pacific,1940
Erica cinerea,Asia and the Pacific,1940
Erica lusitanica,Americas,1912
Erica lusitanica,Asia and the Pacific,1910
Erica vagans,Asia and the Pacific,1953
Erigeron annuus,Asia and the Pacific,1865
Erigeron annuus,Europe and Central Asia,1791
Erigeron bonariensis,Asia and the Pacific,1906
Erigeron bonariensis,Europe and Central Asia,1772
Erigeron canadensis,Africa,1903
Erigeron canadensis,Asia and the Pacific,1860
Erigeron canadensis,Europe and Central Asia,1644
Erigeron karvinskianus,Africa,1967
Erigeron karvinskianus,Americas,1934
Erigeron karvinskianus,Asia and the Pacific,1940
Erigeron karvinskianus,Europe and Central Asia,1852
Erigeron philadelphicus,Asia and the Pacific,19
Erigeron philadelphicus philadelphicus,Asia and the Pacific,1921
Erigeron sumatrensis,Asia and the Pacific,1922
Erigeron sumatrensis,Europe and Central Asia,1910
Erinaceus europaeus,Asia and the Pacific,1869
Eriocheir sinensis,Americas,1994
Eriocheir sinensis,Europe and Central Asia,1912
Eriochloa villosa,Americas,2000
Eriococcus buxi,Europe and Central Asia,1959
Eriosoma lanigerum,Asia and the Pacific,1914
Eriosoma lanigerum,Europe and Central Asia,1900
Erodium cicutarium,Americas,943
Erodium malacoides,Americas,1970
Erucastrum gallicum,Americas,1922
Erucastrum gallicum,Europe and Central Asia,1933
Erugosquilla massavensis,Europe and Central Asia,1959
Erwinia amylovora,Europe and Central Asia,1989
Eryngium pandanifolium,Europe and Central Asia,1900
Erysimum cheiri,Americas,1964
Erysimum cheiri,Europe and Central Asia,1956
Erysiphe alphitoides,Europe and Central Asia,1908
Erythranthe lutea,Europe and Central Asia,1881
Erythrina sykesii,Asia and the Pacific,1938
Eschscholzia californica,Americas,1869
Esox lucius,Europe and Central Asia,1185
Estrilda astrild,Americas,1826
Etrumeus sadina,Europe and Central Asia,1961
Eucallipterus tiliae,Americas,1890
Eucalyptus camaldulensis,Africa,1890
Eucalyptus camaldulensis,Americas,1902
Eucalyptus camaldulensis,Europe and Central Asia,1890
Eucalyptus cladocalyx,Americas,1938
Eucalyptus conferruminata,Africa,1900
Eucalyptus delegatensis,Asia and the Pacific,1957
Eucalyptus diversicolor,Africa,1881
Eucalyptus globulus,Africa,1971
Eucalyptus globulus,Americas,1907
Eucalyptus globulus,Europe and Central Asia,1943
Eucalyptus grandis,Africa,1885
Eucalyptus polyanthemos,Americas,1894
Eucalyptus robusta,Americas,1933
Eucalyptus tereticornis,Americas,1908
Euchiton japonicus,Americas,2002
Euchiton sphaericus,Americas,1915
Eucrate crenata,Africa,1985
Eudendrium carneum,Europe and Central Asia,1985
Eugenia uniflora,Africa,1834
Euglandina rosea,Asia and the Pacific,1963
Eulachnus rileyi,Africa,1979
Eulophia graminea,Americas,2007
Euodice malabarica,Asia and the Pacific,1985
Euodice malabarica,Europe and Central Asia,1985
Euonymus alatus,Americas,1950
Euonymus europaeus,Americas,1898
Euonymus europaeus,Asia and the Pacific,1954
Euonymus japonicus,Asia and the Pacific,1970
Eupatorium cannabinum,Asia and the Pacific,1972
Euphorbia cyparissias,Americas,1891
Euphorbia cyparissias,Europe and Central Asia,1803
Euphorbia davidii,Europe and Central Asia,1995
Euphorbia dentata,Asia and the Pacific,1976
Euphorbia esula,Americas,1825
Euphorbia heterophylla,Africa,1924
Euphorbia heterophylla,Asia and the Pacific,1937
Euphorbia hirta,Africa,1917
Euphorbia hirta,Asia and the Pacific,1820
Euphorbia hypericifolia,Asia and the Pacific,1924
Euphorbia indica,Africa,1948
Euphorbia lathyris,Americas,1885
Euphorbia maculata,Asia and the Pacific,1895
Euphorbia maculata,Europe and Central Asia,1875
Euphorbia myrsinites,Americas,1987
Euphorbia nutans,Europe and Central Asia,1752
Euphorbia oblongata,Americas,1929
Euphorbia peplus,Americas,1892
Euphorbia peplus,Asia and the Pacific,1925
Euphorbia prostrata,Africa,1931
Euphorbia prostrata,Asia and the Pacific,1921
Euphorbia prostrata,Europe and Central Asia,1827
Euphorbia serpens,Africa,1922
Euphorbia terracina,Americas,1967
Euphorbia tirucalli,Africa,1931
Euphorbia virgata,Americas,1938
Euplectes orix,Asia and the Pacific,1973
Euproctis chrysorrhoea,Americas,1807
Eurytemora americana,Americas,1986
Eusarsiella zostericola,Europe and Central Asia,2012
Euscepes postfasciatus,Asia and the Pacific,1947
Evolvulus nummularius,Asia and the Pacific,2001
Exomala orientalis,Americas,1920
Exomias pellucidus,Americas,1886
Fagopyrum esculentum,Americas,1894
Fagopyrum tataricum,Americas,1861
Fallopia baldschuanica,Europe and Central Asia,1936
Fallopia convolvulus,Americas,1821
Fallopia convolvulus,Europe and Central Asia,1548
Fatoua villosa,Americas,1964
Fatsia japonica,Asia and the Pacific,1978
Favolaschia calocera,Asia and the Pacific,2006
Faxonius immunis,Europe and Central Asia,1993
Faxonius limosus,Europe and Central Asia,1895
Faxonius virilis,Europe and Central Asia,2004
Fejervarya kawamurai,Asia and the Pacific,1994
Fejervarya sakishimensis,Asia and the Pacific,1922
Felis catus,Africa,1462
Felis catus,Americas,1506
Felis catus,Asia and the Pacific,1000
Felis catus,Europe and Central Asia,450
Felis silvestris,Americas,1921
Fenusa pumila,Americas,1861
Fenusa ulmi,Americas,1925
Ferrissia californica,Europe and Central Asia,1959
Festuca arundinacea,Asia and the Pacific,1905
Festuca rubra,Asia and the Pacific,1871
Festuca rubra,Europe and Central Asia,1875
Festuca trachyphylla,Americas,1943
Festuca valesiaca,Americas,1999
Fibrocapsa japonica,Europe and Central Asia,1992
Ficopomatus enigmaticus,Africa,1927
Ficopomatus enigmaticus,Americas,1940
Ficopomatus enigmaticus,Asia and the Pacific,1966
Ficopomatus enigmaticus,Europe and Central Asia,1919
Ficus benghalensis,Europe and Central Asia,1948
Ficus carica,Americas,1901
Ficus carica,Asia and the Pacific,1869
Ficus religiosa,Europe and Central Asia,1980
Ficus rubiginosa,Asia and the Pacific,1980
Fiorinia phantasma,Americas,2018
Fiorinia proboscidaria,Americas,2013
Fistularia commersonii,Africa,2005
Fistularia commersonii,Europe and Central Asia,1999
Flaveria bidentis,Asia and the Pacific,1997
Flaveria trinervia,Africa,1931
Foeniculum vulgare,Americas,1882
Foudia madagascariensis,Africa,1860
Fragaria moschata,Europe and Central Asia,1700
Frangula alnus,Americas,1800
Frankliniella occidentalis,Asia and the Pacific,1990
Frankliniella occidentalis,Europe and Central Asia,1983
Fraxinus excelsior,Asia and the Pacific,1903
Fraxinus pennsylvanica,Europe and Central Asia,1835
Fuchsia boliviana,Asia and the Pacific,1972
Fucus evanescens,Europe and Central Asia,1948
Fulvia fragilis,Africa,1990
Fulvia fragilis,Europe and Central Asia,1997
Fundulus zebrinus,Americas,1984
Furcraea foetida,Asia and the Pacific,1956
Galega officinalis,Americas,1892
Galega officinalis,Asia and the Pacific,1906
Galega officinalis,Europe and Central Asia,1819
Galega orientalis,Europe and Central Asia,1807
Galeopsis bifida,Americas,1889
Galeopsis tetrahit,Americas,1821
Galinsoga parviflora,Africa,1926
Galinsoga parviflora,Americas,1893
Galinsoga parviflora,Asia and the Pacific,1845
Galinsoga parviflora,Europe and Central Asia,1801
Galinsoga quadriradiata,Americas,1978
Galinsoga quadriradiata,Asia and the Pacific,1922
Galinsoga quadriradiata,Europe and Central Asia,1841
Galium mollugo,Americas,1873
Galium odoratum,Americas,1904
Gallus gallus,Asia and the Pacific,1642
Gambusia affinis,Africa,1929
Gambusia affinis,Americas,1937
Gambusia affinis,Asia and the Pacific,1905
Gambusia affinis,Europe and Central Asia,1919
Gambusia holbrooki,Africa,1929
Gambusia holbrooki,Americas,1930
Gambusia holbrooki,Asia and the Pacific,1925
Gambusia holbrooki,Europe and Central Asia,1920
Gammarus lacustris,Europe and Central Asia,1972
Gammarus pulex,Europe and Central Asia,1958
Gammarus tigrinus,Europe and Central Asia,1931
Gamochaeta pensylvanica,Asia and the Pacific,1916
Gamochaeta pensylvanica,Europe and Central Asia,1944
Gamochaeta purpurea,Africa,1950
Garrulax canorus,Asia and the Pacific,1981
Garrulax perspicillatus,Asia and the Pacific,2005
Garrulax sannio,Asia and the Pacific,1994
Gastridium phleoides,Americas,1800
Gaultheria shallon,Europe and Central Asia,1914
Gazania linearis,Americas,1945
Gehyra mutilata,Africa,1864
Gekko gecko,Americas,1961
Gekko hokouensis,Asia and the Pacific,1960
Genista linifolia,Americas,1952
Genista linifolia,Asia and the Pacific,1843
Genista monspessulana,Africa,1900
Genista monspessulana,Americas,1800
Genista monspessulana,Asia and the Pacific,1858
Genista tinctoria,Americas,1645
Geranium columbinum,Americas,1921
Geranium dissectum,Americas,1862
Geranium lucidum,Americas,1971
Geranium molle,Americas,1884
Geranium purpureum,Americas,1976
Geranium pusillum,Americas,1885
Geranium pyrenaicum,Europe and Central Asia,1819
Geranium robertianum,Americas,1947
Geranium sanguineum,Americas,1885
Geum macrophyllum,Europe and Central Asia,1884
Geum urbanum,Americas,1895
Gibelion catla,Asia and the Pacific,1980
Gila orcuttii,Americas,1955
Gilpinia hercyniae,Americas,1922
Glebionis coronaria,Americas,1881
Glebionis segetum,Americas,1887
Glechoma hederacea,Americas,1672
Gleditsia triacanthos,Africa,1831
Glis glis,Europe and Central Asia,1902
Globodera rostochiensis,Africa,1977
Globodera rostochiensis,Asia and the Pacific,1972
Glossostigma cleistanthum,Americas,1972
Glycaspis brimblecombei,Americas,1998
Glyceria declinata,Americas,1928
Glyceria declinata,Asia and the Pacific,1932
Glyceria fluitans,Asia and the Pacific,1871
Glyceria maxima,Americas,1940
Glyceria maxima,Asia and the Pacific,1906
Glyceria maxima,Europe and Central Asia,1827
Glyceria striata,Europe and Central Asia,1956
Gmelina costata,Europe and Central Asia,1965
Gmelinoides fasciatus,Europe and Central Asia,1962
Gnaphalium uliginosum,Americas,1672
Gomphrena serrata,Africa,1917
Gomphrena serrata,Asia and the Pacific,1845
Gonipterus scutellatus,Americas,1994
Gracilaria vermiculophylla,Europe and Central Asia,2002
Grandidierella japonica,Europe and Central Asia,2010
Graphocephala fennahi,Europe and Central Asia,1933
Grapholita molesta,Europe and Central Asia,1964
Grateloupia turuturu,Europe and Central Asia,1973
Gremmeniella abietina,Americas,1974
Grevillea robusta,Africa,1858
Grevillea robusta,Americas,1934
Grindelia squarrosa,Europe and Central Asia,1949
Guilleminea densa,Africa,1959
Guizotia abyssinica,Americas,1993
Gunnera manicata,Europe and Central Asia,1935
Gunnera tinctoria,Americas,2008
Gunnera tinctoria,Asia and the Pacific,1958
Gunnera tinctoria,Europe and Central Asia,1908
Gymnocephalus cernua,Americas,1986
Gymnocephalus cernua,Europe and Central Asia,1985
Gymnocoronis spilanthoides,Asia and the Pacific,1991
Gymnocorymbus ternetzi,Americas,1971
Gymnorhina tibicen,Asia and the Pacific,1861
Gypsophila elegans,Americas,1906
Gypsophila paniculata,Americas,1902
Gypsophila paniculata,Europe and Central Asia,1858
Gypsophila scorzonerifolia,Americas,1982
Gypsophila vaccaria,Americas,1881
Gyrinocheilus aymonieri,Americas,1971
Gyrodactylus anguillae,Americas,1977
Gyrodactylus mugili,Europe and Central Asia,1995
Gyrodactylus salaris,Europe and Central Asia,1973
Gyrodactylus zhukovi,Europe and Central Asia,1995
Haematobia irritans,Americas,1887
Hakea drupacea,Africa,1850
Hakea drupacea,Asia and the Pacific,1934
Hakea gibbosa,Africa,1835
Hakea gibbosa,Asia and the Pacific,1937
Hakea salicifolia,Africa,1858
Hakea salicifolia,Asia and the Pacific,1907
Hakea salicifolia,Europe and Central Asia,1989
Hakea sericea,Africa,1858
Hakea sericea,Asia and the Pacific,1882
Halogeton glomeratus,Americas,1935
Halophila stipulacea,Europe and Central Asia,1894
Halyomorpha halys,Europe and Central Asia,2012
Harmonia axyridis,Americas,1916
Harmonia axyridis,Europe and Central Asia,1968
Hebius vibakari,Asia and the Pacific,1968
Hedera canariensis,Americas,1964
Hedera helix,Americas,1748
Hedera helix,Asia and the Pacific,1872
Hedera hibernica,Americas,1959
Hedera hibernica,Europe and Central Asia,1925
Hedychium coccineum,Africa,1957
Hedychium coronarium,Africa,1931
Hedychium coronarium,Americas,1933
Hedychium flavescens,Africa,1931
Hedychium flavescens,Asia and the Pacific,1898
Hedychium gardnerianum,Africa,1930
Hedychium gardnerianum,Asia and the Pacific,1940
Hedychium gardnerianum,Europe and Central Asia,1999
Helianthus tuberosus,Asia and the Pacific,1859
Helianthus tuberosus,Europe and Central Asia,1606
Helichrysum luteoalbum,Americas,1881
Helichrysum petiolare,Americas,1968
Helichrysum petiolare,Asia and the Pacific,1991
Heliotropium amplexicaule,Americas,1876
Heliotropium curassavicum,Africa,1956
Helix pomatia,Europe and Central Asia,1853
Helleborus foetidus,Europe and Central Asia,1870
Helminthotheca echioides,Americas,1891
Hemerocallis fulva,Americas,1875
Hemiberlesia pitysophila,Asia and the Pacific,1965
Hemichromis guttatus,Americas,1998
Hemiculter leucisculus,Asia and the Pacific,1967
Hemiculter leucisculus,Europe and Central Asia,1960
Hemidactylus frenatus,Americas,1860
Hemidactylus frenatus,Asia and the Pacific,1940
Hemidactylus garnotii,Americas,1951
Hemidactylus mabouia,Americas,1962
Hemidactylus turcicus,Americas,1910
Hemigrammus erythrozonus,Americas,1971
Hemigrapsus sanguineus,Europe and Central Asia,1999
Hemigrapsus takanoi,Europe and Central Asia,1993
Hemimysis anomala,Europe and Central Asia,1995
Hemitragus jemlahicus,Asia and the Pacific,1904
Heracleum mantegazzianum,Americas,1949
Heracleum mantegazzianum,Asia and the Pacific,1968
Heracleum mantegazzianum,Europe and Central Asia,1600
Heracleum persicum,Europe and Central Asia,1830
Heracleum sosnowskyi,Europe and Central Asia,1948
Herissantia crispa,Asia and the Pacific,1900
Herklotsichthys punctatus,Europe and Central Asia,1943
Herpestes javanicus,Africa,1900
Herpestes javanicus,Americas,1792
Herpestes javanicus,Asia and the Pacific,1883
Herpestes javanicus,Europe and Central Asia,1910
Hesperis matronalis,Americas,1860
Hesperis matronalis,Europe and Central Asia,1820
Hestina assimilis,Asia and the Pacific,1995
Heteranthera reniformis,Europe and Central Asia,1968
Heterobostrychus aequalis,Asia and the Pacific,1988
Heteropsylla cubana,Africa,1992
Heterosaccus dollfusi,Europe and Central Asia,1992
Heterosigma akashiwo,Europe and Central Asia,1972
Heterotheca subaxillaris,Europe and Central Asia,1975
Heterotis niloticus,Africa,1963
Hexasepalum teres,Asia and the Pacific,1920
Hibiscus trionum,Asia and the Pacific,1406
Hieracium caespitosum,Americas,1879
Hieracium caespitosum,Asia and the Pacific,1940
Hieracium glomeratum,Americas,2001
Hieracium lepidulum,Asia and the Pacific,1941
Hieracium piloselloides,Americas,1849
Hieracium praealtum,Asia and the Pacific,1919
Hieracium sabaudum,Americas,1931
Himantopus mexicanus,Asia and the Pacific,2001
Hippophae rhamnoides,Americas,1950
Hippophae rhamnoides,Europe and Central Asia,1800
Hirschfeldia incana,Americas,1896
Holcus lanatus,Americas,1755
Holcus lanatus,Asia and the Pacific,1844
Holcus mollis,Americas,1914
Homadaula albizziae,Americas,1940
Homalanthus populifolius,Asia and the Pacific,1969
Homarus americanus,Europe and Central Asia,1990
Hoplobatrachus rugulosus,Asia and the Pacific,1995
Hordeum jubatum,Europe and Central Asia,1835
Hordeum marinum,Americas,1884
Hordeum murinum,Americas,1860
Hordeum vulgare,Americas,1903
Humulus lupulus,Asia and the Pacific,1871
Humulus scandens,Americas,1915
Hyacinthoides hispanica,Americas,1962
Hyacinthoides hispanica,Europe and Central Asia,1887
Hyacinthoides massartiana,Europe and Central Asia,1991
Hydrangea macrophylla,Asia and the Pacific,1973
Hydrellia wirthi,Americas,2004
Hydrilla verticillata,Africa,2006
Hydrilla verticillata,Americas,1905
Hydrilla verticillata,Asia and the Pacific,1963
Hydrocharis morsus-ranae,Americas,1932
Hydrocleys nymphoides,Asia and the Pacific,1914
Hydrocotyle ranunculoides,Asia and the Pacific,1998
Hydrocotyle ranunculoides,Europe and Central Asia,1990
Hydrocotyle verticillata,Asia and the Pacific,2000
Hydroides dianthus,Europe and Central Asia,1865
Hydroides elegans,Europe and Central Asia,1937
Hydroides ezoensis,Europe and Central Asia,1976
Hydroides heterocera,Europe and Central Asia,1990
Hydroides homoceros,Europe and Central Asia,1955
Hydroides minax,Europe and Central Asia,1990
Hydroides operculata,Europe and Central Asia,1959
Hydropotes inermis,Europe and Central Asia,1900
Hygrophila polysperma,Americas,1953
Hylastes opacus,Americas,1987
Hylurgus ligniperda,Americas,1985
Hymenachne amplexicaulis,Americas,2013
Hymenachne amplexicaulis,Asia and the Pacific,1990
Hymeniacidon perlevis,Americas,2012
Hymenoscyphus fraxineus,Europe and Central Asia,1825
Hyoscyamus niger,Americas,1907
Hypania invalida,Europe and Central Asia,1958
Hyparrhenia bracteata,Americas,1945
Hyparrhenia hirta,Americas,1888
Hyparrhenia rufa,Americas,1957
Hypera postica,Asia and the Pacific,1950
Hypericum androsaemum,Asia and the Pacific,1869
Hypericum calycinum,Americas,1951
Hypericum canariense,Americas,1928
Hypericum perforatum,Africa,1942
Hypericum perforatum,Americas,1725
Hypericum perforatum,Asia and the Pacific,1868
Hyphantria cunea,Asia and the Pacific,1945
Hyphantria cunea,Europe and Central Asia,1950
Hyphessobrycon herbertaxelrodi,Americas,1971
Hyphessobrycon pulchripinnis,Americas,1971
Hypochaeris glabra,Americas,1877
Hypochaeris radicata,Americas,1884
Hypochaeris radicata,Asia and the Pacific,1933
Hypophthalmichthys molitrix,Africa,1976
Hypophthalmichthys molitrix,Americas,1965
Hypophthalmichthys molitrix,Asia and the Pacific,1878
Hypophthalmichthys molitrix,Europe and Central Asia,1959
Hypophthalmichthys nobilis,Americas,1970
Hypophthalmichthys nobilis,Asia and the Pacific,1958
Hypophthalmichthys nobilis,Europe and Central Asia,1960
Hypostomus plecostomus,Americas,1965
Hyptis brevipes,Asia and the Pacific,1922
Hyptis capitata,Asia and the Pacific,1922
Hystrix cristata,Europe and Central Asia,560
Ianiropsis serricaudis,Europe and Central Asia,2000
Icerya purchasi,Americas,1866
Icerya purchasi,Asia and the Pacific,1904
Ichthyosaura alpestris,Europe and Central Asia,1928
Ictalurus punctatus,Americas,1971
Ictalurus punctatus,Asia and the Pacific,1971
Ictalurus punctatus,Europe and Central Asia,1935
Idesia polycarpa,Asia and the Pacific,1979
Iguana iguana,Americas,1964
Iguana iguana,Asia and the Pacific,1994
Ilex aquifolium,Americas,1923
Ilex aquifolium,Asia and the Pacific,1901
Ilex crenata,Americas,1954
Impatiens glandulifera,Americas,1939
Impatiens glandulifera,Asia and the Pacific,1909
Impatiens glandulifera,Europe and Central Asia,1658
Impatiens parviflora,Americas,2006
Impatiens parviflora,Europe and Central Asia,1830
Impatiens sodenii,Asia and the Pacific,1950
Impatiens walleriana,Asia and the Pacific,1985
Incisitermes minor,Asia and the Pacific,1937
Indotyphlops braminus,Americas,1900
Inula helenium,Americas,1850
Ipomoea alba,Africa,1858
Ipomoea aquatica,Americas,1981
Ipomoea cairica,Asia and the Pacific,1912
Ipomoea carnea,Africa,1932
Ipomoea carnea,Asia and the Pacific,1802
Ipomoea coccinea,Asia and the Pacific,1848
Ipomoea hederacea,Asia and the Pacific,1927
Ipomoea indica,Africa,1890
Ipomoea indica,Asia and the Pacific,1950
Ipomoea indica,Europe and Central Asia,1842
Ipomoea purpurea,Africa,1830
Ipomoea purpurea,Americas,1900
Ipomoea purpurea,Asia and the Pacific,1890
Ipomoea purpurea,Europe and Central Asia,1918
Ipomoea triloba,Asia and the Pacific,1900
Iridomyrmex anceps,Asia and the Pacific,1997
Iris foetidissima,Asia and the Pacific,1898
Iris pseudacorus,Americas,1869
Iris pseudacorus,Asia and the Pacific,1878
Isatis tinctoria,Americas,1894
Isodontia mexicana,Europe and Central Asia,1985
Isognomon bicolor,Americas,1982
Jacaranda mimosifolia,Africa,1830
Jacobaea maritima,Europe and Central Asia,1661
Jacquemontia tamnifolia,Asia and the Pacific,20
Jasminum polyanthum,Asia and the Pacific,1963
Jatropha gossypiifolia,Africa,1955
Juglans ailanthifolia,Asia and the Pacific,1970
Juncus acutus,Asia and the Pacific,1923
Juncus articulatus,Asia and the Pacific,1864
Juncus bulbosus,Asia and the Pacific,1896
Juncus effusus,Asia and the Pacific,1864
Juncus gerardii,Asia and the Pacific,1891
Juncus microcephalus,Asia and the Pacific,1929
Juncus planifolius,Americas,1964
Juncus squarrosus,Asia and the Pacific,1910
Juncus tenuis,Europe and Central Asia,1821
Juniperus virginiana,Africa,1906
Kalanchoe delagoensis,Africa,1939
Kalanchoe delagoensis,Americas,1988
Kalanchoe pinnata,Americas,1962
Kalanchoe pinnata,Asia and the Pacific,1944
Kali collina,Americas,1940
Kali paulsenii,Americas,1926
Kali ryanii,Americas,1999
Kali tragus,Americas,1894
Kali turgidum,Americas,1743
Karenia mikimotoi,Europe and Central Asia,1966
Kennedia rubicunda,Asia and the Pacific,1945
Knautia arvensis,Americas,1903
Kniphofia uvaria,Americas,1955
Koenigia campanulata,Europe and Central Asia,1933
Koenigia polystachya,Americas,1934
Koenigia polystachya,Europe and Central Asia,1917
Krynickillus melanocephalus,Europe and Central Asia,1990
Kuzmelina kusnezowi,Europe and Central Asia,1982
Labeo rohita,Africa,1960
Labeo rohita,Asia and the Pacific,1968
Laburnum alpinum,Europe and Central Asia,1899
Laburnum anagyroides,Europe and Central Asia,1749
Lacerta bilineata,Europe and Central Asia,1872
Lachnagrostis filiformis,Americas,1920
Lachnellula willkommii,Americas,1904
Lactuca macrophylla,Europe and Central Asia,1700
Lactuca saligna,Americas,1915
Lactuca serriola,Americas,1883
Lactuca serriola,Europe and Central Asia,1803
Lactuca tatarica,Europe and Central Asia,1799
Lagarosiphon major,Asia and the Pacific,1950
Lagarosiphon major,Europe and Central Asia,1939
Lagocephalus sceleratus,Africa,2010
Lagocephalus sceleratus,Europe and Central Asia,2003
Lagocephalus spadiceus,Europe and Central Asia,1948
Lagocephalus suezensis,Europe and Central Asia,1987
Lagunaria patersonii,Asia and the Pacific,1993
Lamium amplexicaule,Americas,1862
Lamium galeobdolon,Americas,1986
Lamium galeobdolon,Asia and the Pacific,1980
Lamium maculatum,Americas,1879
Lamium purpureum,Americas,1910
Lamium purpureum purpureum,Asia and the Pacific,1893
Lanceogammarus andrussowi,Europe and Central Asia,1956
Lantana camara,Africa,1851
Lantana camara,Asia and the Pacific,1645
Laonome triangularis,Europe and Central Asia,2005
Lappula squarrosa,Americas,1970
Lapsana communis,Americas,1881
Larix decidua,Asia and the Pacific,1919
Larix kaempferi,Europe and Central Asia,1890
Lasioderma serricorne,Europe and Central Asia,1982
Lasius neglectus,Europe and Central Asia,1960
Lates niloticus,Africa,1954
Lates niloticus,Americas,1979
Lathyrus latifolius,Americas,1885
Lathyrus pratensis,Americas,1901
Lathyrus sylvestris,Americas,1912
Latrodectus geometricus,Americas,2013
Latrodectus geometricus,Asia and the Pacific,1995
Latrodectus hasselti,Asia and the Pacific,2003
Laurus nobilis,Asia and the Pacific,1976
Leersia hexandra,Asia and the Pacific,1820
Leiosolenus aristatus,Americas,2005
Leiothrix lutea,Asia and the Pacific,1980
Leiothrix lutea,Europe and Central Asia,1993
Lemna minuta,Europe and Central Asia,1953
Lemna turionifera,Europe and Central Asia,1982
Leodice antennata,Europe and Central Asia,1993
Leonnates persicus,Europe and Central Asia,2000
Leonotis nepetifolia,Americas,1937
Leontodon hispidus,Americas,1907
Leonurus cardiaca,Americas,1878
Lepidium appelianum,Americas,1912
Lepidium bonariense,Americas,1846
Lepidium densiflorum,Europe and Central Asia,1931
Lepidium didymum,Americas,1877
Lepidium didymum,Asia and the Pacific,1899
Lepidium didymum,Europe and Central Asia,1799
Lepidium draba,Americas,1937
Lepidium draba,Europe and Central Asia,1865
Lepidium heterophyllum,Americas,1927
Lepidium latifolium,Americas,1932
Lepidium latifolium,Europe and Central Asia,1825
Lepidium perfoliatum,Americas,1907
Lepidium ruderale,Americas,1895
Lepidium sativum,Americas,1914
Lepidium virginicum,Asia and the Pacific,1933
Lepidium virginicum,Europe and Central Asia,1650
Lepidodactylus lugubris,Asia and the Pacific,1971
Lepidosaphes ulmi,Americas,1794
Lepomis gibbosus,Europe and Central Asia,1809
Lepomis gulosus,Americas,1963
Lepomis macrochirus,Africa,1938
Lepomis macrochirus,Americas,1958
Lepomis macrochirus,Asia and the Pacific,1960
Lepomis marginatus,Americas,1984
Leptinotarsa decemlineata,Asia and the Pacific,1993
Leptinotarsa decemlineata,Europe and Central Asia,1945
Leptocybe invasa,Asia and the Pacific,2007
Leptodora kindti,Europe and Central Asia,1955
Leptoglossus occidentalis,Europe and Central Asia,2003
Leptospermum laevigatum,Africa,1850
Leptospermum laevigatum,Americas,1933
Leptospermum laevigatum,Asia and the Pacific,1960
Lepus europaeus,Americas,1886
Lepus europaeus,Europe and Central Asia,1852
Lepus nigricollis,Africa,1920
Leucaena leucocephala,Africa,1875
Leucaena leucocephala,Americas,1998
Leucaena leucocephala,Asia and the Pacific,1645
Leucanthemum maximum,Americas,1919
Leucanthemum vulgare,Americas,1743
Leucanthemum vulgare,Asia and the Pacific,1867
Leucaspius delineatus,Europe and Central Asia,1980
Leuciscus aspius,Europe and Central Asia,1984
Leuciscus idus,Asia and the Pacific,1982
Leuciscus idus,Europe and Central Asia,1870
Leuciscus leuciscus,Europe and Central Asia,1889
Leucojum aestivum,Americas,1898
Leucoma salicis,Americas,1918
Leveillula taurica,Americas,1950
Leycesteria formosa,Asia and the Pacific,1878
Leymus racemosus,Asia and the Pacific,1940
Libinia dubia,Africa,1996
Ligophorus kaohsianghsieni,Europe and Central Asia,1994
Ligustrum japonicum,Africa,1927
Ligustrum japonicum,Americas,1971
Ligustrum lucidum,Africa,1858
Ligustrum lucidum,Americas,1978
Ligustrum lucidum,Asia and the Pacific,1867
Ligustrum ovalifolium,Africa,1932
Ligustrum ovalifolium,Americas,1970
Ligustrum ovalifolium,Asia and the Pacific,1952
Ligustrum robustum,Africa,1895
Ligustrum sinense,Africa,1924
Ligustrum sinense,Americas,1850
Ligustrum sinense,Asia and the Pacific,1945
Ligustrum vulgare,Americas,1920
Lilioceris lilii,Americas,1992
Lilium bulbiferum,Europe and Central Asia,1807
Lilium formosanum,Africa,1962
Lilium formosanum,Asia and the Pacific,1924
Lilium lancifolium,Asia and the Pacific,1953
Limacus flavus,Europe and Central Asia,1950
Limax maximus,Europe and Central Asia,1870
Limnomysis benedeni,Europe and Central Asia,1946
Limnoperna fortunei,Americas,1991
Limnoperna fortunei,Asia and the Pacific,1991
Limnophila sessiliflora,Americas,1964
Limnoria quadripunctata,Europe and Central Asia,1968
Limonium duriusculum,Americas,2000
Linaria dalmatica,Americas,1915
Linaria maroccana,Americas,1935
Linaria pinifolia,Americas,1953
Linaria repens,Europe and Central Asia,1800
Linaria vulgaris,Americas,1820
Lindernia dubia,Asia and the Pacific,1936
Lindernia dubia,Europe and Central Asia,1927
Linepithema humile,Americas,1891
Linepithema humile,Asia and the Pacific,1905
Linepithema humile,Europe and Central Asia,1967
Linum bienne,Americas,1891
Liriomyza bryoniae,Asia and the Pacific,1984
Liriomyza huidobrensis,Asia and the Pacific,1993
Liriomyza huidobrensis,Europe and Central Asia,1989
Liriomyza sativae,Asia and the Pacific,1993
Liriomyza trifolii,Asia and the Pacific,1988
Lissachatina fulica,Africa,1803
Lissachatina fulica,Americas,1988
Lissachatina fulica,Asia and the Pacific,1900
Lissorhoptrus oryzophilus,Asia and the Pacific,1976
Lissorhoptrus oryzophilus,Europe and Central Asia,2004
Lithobates catesbeianus,Americas,1885
Lithobates catesbeianus,Asia and the Pacific,1918
Lithobates catesbeianus,Europe and Central Asia,1801
Lithobates grylio,Asia and the Pacific,1987
Litsea glutinosa,Africa,1902
Littorina littorea,Americas,1840
Liza carinata,Europe and Central Asia,1970
Lobularia maritima,Americas,1881
Lolium arundinaceum,Americas,1940
Lolium multiflorum,Americas,1882
Lolium multiflorum,Asia and the Pacific,1873
Lolium multiflorum,Europe and Central Asia,1899
Lolium perenne,Americas,1755
Lolium perenne,Asia and the Pacific,1843
Lolium perenne,Europe and Central Asia,1791
Lolium persicum,Asia and the Pacific,1958
Lolium pratense,Americas,1882
Lolium temulentum,Asia and the Pacific,1940
Lonchura atricapilla,Americas,2010
Lonchura atricapilla,Asia and the Pacific,1909
Lonchura malacca,Americas,2007
Lonchura malacca,Asia and the Pacific,1870
Lonchura punctulata,Americas,2013
Lonchura punctulata,Asia and the Pacific,1970
Lonchura striata,Asia and the Pacific,1985
Lonicera bella,Americas,1914
Lonicera caerulea,Europe and Central Asia,1872
Lonicera caprifolium,Europe and Central Asia,1800
Lonicera involucrata,Europe and Central Asia,1994
Lonicera japonica,Africa,1858
Lonicera japonica,Americas,1919
Lonicera japonica,Asia and the Pacific,1926
Lonicera japonica,Europe and Central Asia,1818
Lonicera maackii,Americas,1935
Lonicera morrowii,Americas,1926
Lonicera periclymenum,Americas,1919
Lonicera ruprechtiana,Europe and Central Asia,1883
Lonicera tatarica,Americas,1875
Lonicera tatarica,Europe and Central Asia,1888
Lonicera xylosteum,Americas,1884
Lophocladia lallemandii,Europe and Central Asia,1984
Lophospermum erubescens,Asia and the Pacific,1939
Lotus corniculatus,Americas,1753
Lotus corniculatus,Europe and Central Asia,1913
Lotus corniculatus corniculatus,Asia and the Pacific,1974
Lotus pedunculatus,Americas,1977
Lotus pedunculatus,Asia and the Pacific,1867
Lotus subbiflorus,Americas,2009
Lucilla scintilla,Europe and Central Asia,1976
Ludwigia grandiflora,Americas,1840
Ludwigia grandiflora,Europe and Central Asia,1820
Ludwigia palustris,Asia and the Pacific,1933
Ludwigia peploides,Asia and the Pacific,1929
Ludwigia peploides,Europe and Central Asia,1820
Ludwigia peruviana,Americas,1894
Lunaria annua,Americas,1907
Lupinus albus,Americas,1975
Lupinus angustifolius,Americas,1950
Lupinus arboreus,Americas,1881
Lupinus arboreus,Asia and the Pacific,1898
Lupinus nootkatensis,Europe and Central Asia,1880
Lupinus perennis,Europe and Central Asia,1899
Lupinus polyphyllus,Asia and the Pacific,1945
Lupinus polyphyllus,Europe and Central Asia,1807
Lutzomyia verrucarum,Americas,2004
Luziola subintegra,Americas,2007
Luzula luzuloides,Americas,1932
Lycium barbarum,Europe and Central Asia,1830
Lycium ferocissimum,Asia and the Pacific,1880
Lycium ferocissimum,Europe and Central Asia,1906
Lycopsis arvensis,Americas,1937
Lycopus europaeus,Asia and the Pacific,1940
Lygodium japonicum,Americas,1903
Lygodium microphyllum,Americas,1966
Lymantria dispar,Americas,1869
Lymantria dispar,Asia and the Pacific,1920
Lysichiton americanus,Europe and Central Asia,1700
Lysichiton camtschatcensis,Europe and Central Asia,1848
Lysimachia arvensis,Americas,1849
Lysimachia nummularia,Americas,1672
Lysimachia nummularia,Europe and Central Asia,1766
Lysimachia punctata,Europe and Central Asia,1865
Lysimachia vulgaris,Americas,1822
Lythrum hyssopifolia,Americas,1847
Lythrum salicaria,Africa,1976
Lythrum salicaria,Americas,1800
Lythrum salicaria,Asia and the Pacific,1954
Macaca arctoides,Americas,1986
Macaca cyclopis,Asia and the Pacific,1942
Macaca fascicularis,Africa,1530
Macaca fascicularis,Americas,1980
Macaca fascicularis,Asia and the Pacific,1900
Macaca mulatta,Americas,1933
Macaca mulatta,Asia and the Pacific,1960
Macaca nemestrina,Americas,1981
Maconellicoccus hirsutus,Americas,1996
Macrobrachium rosenbergii,Africa,1981
Macrobrachium rosenbergii,Americas,1978
Macrosiphum euphorbiae,Europe and Central Asia,1900
Macrothelypteris torresiana,Americas,1904
Maeotias marginata,Americas,1959
Magallana ariakensis,Americas,2004
Magallana gigas,Americas,1973
Magallana gigas,Europe and Central Asia,1866
Mahonia aquifolium,Europe and Central Asia,1733
Maladera formosae,Americas,1920
Malephora crocea,Americas,1946
Malus sylvestris,Americas,1813
Malva alcea,Europe and Central Asia,1777
Malva arborea,Africa,1858
Malva arborea,Asia and the Pacific,1869
Malva moschata,Americas,1838
Malva moschata,Europe and Central Asia,1820
Malva neglecta,Americas,1886
Malva nicaeensis,Americas,1846
Malva parviflora,Americas,1833
Malva pusilla,Americas,1885
Malva sylvestris,Americas,1896
Malva verticillata,Europe and Central Asia,1896
Malvastrum coromandelianum,Africa,1945
Malvastrum coromandelianum,Americas,1913
Malvastrum coromandelianum,Asia and the Pacific,1861
Manayunkia caspica,Europe and Central Asia,1963
Marenzelleria arctia,Europe and Central Asia,2004
Marenzelleria neglecta,Europe and Central Asia,1985
Marenzelleria viridis,Europe and Central Asia,1983
Marrubium vulgare,Americas,1849
Marsilea minuta,Americas,2003
Marsilea quadrifolia,Americas,1860
Martynia annua,Asia and the Pacific,1802
Massilieurodes chittendeni,Europe and Central Asia,1959
Matricaria chamomilla,Americas,1869
Matricaria chamomilla,Europe and Central Asia,1777
Matricaria discoidea,Americas,1899
Matricaria discoidea,Europe and Central Asia,1791
Matsucoccus matsumurae,Americas,1946
Matsucoccus matsumurae,Asia and the Pacific,1942
Mayaheros urophthalmus,Asia and the Pacific,2001
Mayetiola destructor,Americas,1779
Mayetiola destructor,Asia and the Pacific,1969
Maytenus boaria,Americas,1942
Medicago arborea,Americas,1954
Medicago lupulina,Americas,1847
Medicago minima,Americas,1767
Medicago polymorpha,Americas,1861
Medicago sativa,Europe and Central Asia,1816
Megabalanus coccopoma,Americas,1974
Melaleuca quinquenervia,Americas,1808
Melampsora larici-populina,Americas,1991
Melampsoridium hiratsukanum,Europe and Central Asia,1999
Melanoides tuberculata,Americas,1970
Melia azedarach,Africa,1800
Melia azedarach,Americas,1705
Melianthus major,Asia and the Pacific,1878
Melilotus albus,Americas,1867
Melilotus albus,Europe and Central Asia,1800
Melilotus indicus,Americas,1830
Melinis minutiflora,Americas,1800
Melinis repens,Americas,1930
Melinis repens,Asia and the Pacific,1950
Melissa officinalis,Americas,1849
Melita nitida,Europe and Central Asia,1998
Meloidogyne hapla,Europe and Central Asia,1927
Membranipora membranacea,Americas,1992
Mentha aquatica,Americas,1672
Mentha piperita,Americas,1900
Mentha pulegium,Americas,1849
Mentha rotundifolia,Americas,1934
Mentha spicata,Americas,1860
Mentha suaveolens,Americas,1916
Mentha villosa,Americas,1918
Menyanthes trifoliata,Asia and the Pacific,1969
Mephitis mephitis,Europe and Central Asia,2000
Mercurialis annua,Americas,1931
Meretrix petechialis,Asia and the Pacific,1970
Mesembryanthemum cordifolium,Europe and Central Asia,1788
Mesembryanthemum crystallinum,Americas,1875
Mesembryanthemum nodiflorum,Americas,1882
Mesopolobus spermotrophus,Europe and Central Asia,1963
Metacarcinus novaezelandiae,Asia and the Pacific,1929
Metapenaeus monoceros,Africa,1994
Metapenaeus monoceros,Europe and Central Asia,1948
Metapenaeus stebbingi,Europe and Central Asia,1958
Metcalfa pruinosa,Europe and Central Asia,1990
Microcosmus squamiger,Europe and Central Asia,1992
Microhyla okinavensis,Asia and the Pacific,1931
Micropterus dolomieu,Africa,1937
Micropterus dolomieu,Americas,1975
Micropterus dolomieu,Asia and the Pacific,1925
Micropterus salmoides,Africa,1932
Micropterus salmoides,Americas,1955
Micropterus salmoides,Asia and the Pacific,1925
Micropterus salmoides,Europe and Central Asia,1892
Microsorum scolopendria,Americas,1900
Microstegium vimineum,Americas,1919
Microtus levis,Europe and Central Asia,2009
Mikania micrantha,Asia and the Pacific,1919
Milax gagates,Americas,1963
Mimosa bimucronata,Asia and the Pacific,1952
Mimosa invisa,Asia and the Pacific,1753
Mimosa pigra,Africa,1912
Mimosa pigra,Americas,1953
Mimosa pigra,Asia and the Pacific,1891
Mimosa pudica,Africa,1906
Mimosa pudica,Asia and the Pacific,1777
Mirabilis jalapa,Americas,2009
Mirabilis jalapa,Asia and the Pacific,1591
Mirabilis jalapa,Europe and Central Asia,1583
Mirabilis nyctaginea,Europe and Central Asia,1831
Miscanthus nepalensis,Asia and the Pacific,1945
Miscanthus sacchariflorus,Americas,1956
Miscanthus sinensis,Americas,1975
Misgurnus anguillicaudatus,Americas,1961
Misgurnus anguillicaudatus,Asia and the Pacific,1984
Misopates orontium,Americas,1925
Mitracarpus hirtus,Asia and the Pacific,1980
Mnemiopsis leidyi,Asia and the Pacific,1999
Mnemiopsis leidyi,Europe and Central Asia,1850
Mogulones crucifer,Americas,2010
Moina affinis,Europe and Central Asia,1960
Molgula ficus,Americas,1999
Molgula manhattensis,Asia and the Pacific,1972
Molgula manhattensis,Europe and Central Asia,1973
Mollugo verticillata,Europe and Central Asia,1772
Molothrus bonariensis,Americas,1800
Monarthrum mali,Europe and Central Asia,2007
Monilicaecum ventricosum,Europe and Central Asia,1977
Monocorophium insidiosum,Asia and the Pacific,1996
Monocorophium sextonae,Europe and Central Asia,1930
Monomoria pharaonis,Europe and Central Asia,1969
Monomorium destructor,Americas,1972
Monomorium destructor,Asia and the Pacific,1997
Monomorium floricola,Americas,1916
Monomorium floricola,Asia and the Pacific,1921
Monomorium pharaonis,Americas,1912
Monomorium pharaonis,Asia and the Pacific,1921
Monomorium pharaonis,Europe and Central Asia,1884
Monopterus albus,Asia and the Pacific,1900
Morella faya,Americas,1809
Morone chrysops,Americas,1975
Morone saxatilis,Americas,1886
Morus alba,Africa,1831
Morus alba,Americas,1893
Morus australis,Asia and the Pacific,1891
Muehlenbeckia complexa,Europe and Central Asia,1909
Muhlenbergia schreberi,Europe and Central Asia,1963
Mulinia lateralis,Europe and Central Asia,2018
Muntiacus reevesi,Asia and the Pacific,1961
Muntiacus reevesi,Europe and Central Asia,1894
Murdannia keisak,Americas,1935
Murdannia keisak,Europe and Central Asia,1973
Mus musculus,Africa,1970
Mus musculus,Americas,1537
Mus musculus,Asia and the Pacific,1811
Mus musculus,Europe and Central Asia,-6000
Muscari armeniacum,Europe and Central Asia,1987
Muscari botryoides,Americas,1986
Muscari neglectum,Americas,2011
Mustela erminea,Asia and the Pacific,1884
Mustela itatsi,Asia and the Pacific,1885
Mustela nivalis,Asia and the Pacific,1884
Mustela putorius,Asia and the Pacific,1879
Mustela putorius,Europe and Central Asia,1250
Mustela sibirica,Asia and the Pacific,1928
Mustela vison,Americas,1940
Mustela vison,Asia and the Pacific,1965
Mustela vison,Europe and Central Asia,1917
Mutinus ravenelii,Europe and Central Asia,1950
Mya arenaria,Europe and Central Asia,1966
Mycelis muralis,Americas,1906
Myiopsitta monachus,Americas,1972
Myiopsitta monachus,Europe and Central Asia,1936
Mylopharyngodon piceus,Americas,1970
Myocastor coypus,Africa,1940
Myocastor coypus,Americas,1899
Myocastor coypus,Asia and the Pacific,1939
Myocastor coypus,Europe and Central Asia,1882
Myodes glareolus,Europe and Central Asia,1950
Myoporum insulare,Asia and the Pacific,1948
Myoporum laetum,Americas,1949
Myoporum tenuifolium,Africa,1911
Myosotis discolor,Americas,1882
Myosotis latifolia,Americas,1899
Myosotis scorpioides,Americas,1870
Myosotis scorpioides,Asia and the Pacific,1954
Myosotis sylvatica,Americas,1889
Myosoton aquaticum,Americas,1838
Myricaria germanica,Asia and the Pacific,1986
Myriophyllum aquaticum,Africa,1921
Myriophyllum aquaticum,Americas,1858
Myriophyllum aquaticum,Asia and the Pacific,1920
Myriophyllum aquaticum,Europe and Central Asia,1880
Myriophyllum heterophyllum,Europe and Central Asia,1916
Myriophyllum spicatum,Americas,1813
Myrmica rubra,Americas,1901
Myrrhis odorata,Americas,1948
Myrrhis odorata,Europe and Central Asia,1809
Mytilicola intestinalis,Europe and Central Asia,1930
Mytilicola orientalis,Europe and Central Asia,1977
Mytilopsis leucophaeata,Americas,2004
Mytilopsis leucophaeata,Europe and Central Asia,1898
Mytilus edulis,Europe and Central Asia,2001
Mytilus galloprovincialis,Africa,1979
Mytilus galloprovincialis,Asia and the Pacific,1926
Mytilus trossulus,Europe and Central Asia,2001
Najas minor,Americas,1934
Nandayus nenday,Europe and Central Asia,1970
Napomyza gymnostoma,Americas,2015
Nardus stricta,Americas,1962
Nardus stricta,Asia and the Pacific,1931
Naria turdus,Africa,2003
Nassarius sinarum,Asia and the Pacific,2000
Nassella manicata,Americas,1946
Nassella neesiana,Asia and the Pacific,1930
Nassella tenuissima,Africa,1900
Nassella tenuissima,Asia and the Pacific,1994
Nassella trichotoma,Africa,1900
Nassella trichotoma,Asia and the Pacific,1900
Nasturtium microphyllum,Americas,1861
Nasturtium officinale,Africa,1650
Nasturtium officinale,Americas,1838
Nasturtium officinale,Asia and the Pacific,1840
Nasua nasua,Americas,1935
Navarretia squarrosa,Asia and the Pacific,1870
Nealsomyia rufella,Asia and the Pacific,1995
Nelumbo nucifera,Europe and Central Asia,1800
Neoclytus acuminatus,Europe and Central Asia,1908
Neodiprion sertifer,Americas,1925
Neogobius fluviatilis,Europe and Central Asia,1970
Neogobius melanostomus,Americas,1986
Neogobius melanostomus,Europe and Central Asia,1986
Nepeta cataria,Americas,1876
Nephrolepis brownii,Americas,1940
Nephrolepis cordifolia,Africa,2001
Nephrolepis cordifolia,Americas,1995
Nephrolepis cordifolia,Asia and the Pacific,1974
Nephrolepis falcata,Americas,1923
Nerium oleander,Africa,1811
Nerium oleander,Americas,1908
Nerium oleander,Asia and the Pacific,1950
Neslia paniculata,Americas,1903
Neustanthus phaseoloides,Americas,1970
Neyraudia reynaudiana,Americas,1861
Nicandra physalodes,Africa,1917
Nicandra physalodes,Asia and the Pacific,1848
Nicotiana glauca,Africa,1830
Nicotiana glauca,Americas,1882
Nicotiana glauca,Asia and the Pacific,2007
Nicotiana glauca,Europe and Central Asia,1653
Nonea pulla,Europe and Central Asia,1806
Notemigonus crysoleucas,Americas,1973
Nothoscordum gracile,Americas,1949
Nothoscordum gracile,Asia and the Pacific,1868
Nuphar lutea,Asia and the Pacific,1975
Nyctereutes procyonoides,Asia and the Pacific,1941
Nyctereutes procyonoides,Europe and Central Asia,1926
Nymphaea alba,Asia and the Pacific,1949
Nymphaea mexicana,Asia and the Pacific,1965
Nymphoides geminata,Asia and the Pacific,1981
Nymphoides hydrophylla,Americas,1999
Nymphoides peltata,Americas,1879
Nymphoides peltata,Europe and Central Asia,1870
Nysius huttoni,Europe and Central Asia,2002
Obesogammarus crassus,Europe and Central Asia,1955
Obesogammarus obesus,Europe and Central Asia,1950
Obolodiplosis robiniae,Asia and the Pacific,2004
Obolodiplosis robiniae,Europe and Central Asia,2004
Ochna serrulata,Asia and the Pacific,1997
Ocinebrellus inornatus,Europe and Central Asia,1993
Octodonta nipae,Asia and the Pacific,2001
Oculina patagonica,Europe and Central Asia,1972
Odocoileus virginianus,Americas,1850
Odocoileus virginianus,Europe and Central Asia,2010
Odontesthes bonariensis,Americas,1946
Odontesthes bonariensis,Europe and Central Asia,1974
Odontites vernus,Americas,1950
Odontites vulgaris,Europe and Central Asia,1820
Oeceoclades maculata,Americas,1990
Oenanthe javanica,Americas,1985
Oenothera adriatica,Europe and Central Asia,1974
Oenothera biennis,Americas,2018
Oenothera biennis,Asia and the Pacific,1913
Oenothera biennis,Europe and Central Asia,1612
Oenothera curtiflora,Asia and the Pacific,1950
Oenothera glazioviana,Americas,1894
Oenothera glazioviana,Asia and the Pacific,1860
Oenothera glazioviana,Europe and Central Asia,1889
Oenothera jamesii,Africa,1858
Oenothera laciniata,Asia and the Pacific,1910
Oenothera latipetala,Europe and Central Asia,1869
Oenothera oakesiana,Europe and Central Asia,1839
Oenothera parviflora,Europe and Central Asia,1836
Oenothera rosea,Africa,1858
Oenothera rosea,Americas,1897
Oenothera rosea,Asia and the Pacific,1600
Oenothera rubricaulis,Europe and Central Asia,1952
Oenothera sesitensis,Europe and Central Asia,1975
Oenothera stucchii,Europe and Central Asia,1952
Oenothera villosa,Europe and Central Asia,1940
Oithona davisae,Europe and Central Asia,2003
Olea europaea,Americas,1845
Olea europaea,Asia and the Pacific,1961
Oncorhynchus gorbuscha,Europe and Central Asia,1905
Oncorhynchus kisutch,Americas,1930
Oncorhynchus mykiss,Africa,1897
Oncorhynchus mykiss,Americas,1876
Oncorhynchus mykiss,Asia and the Pacific,1874
Oncorhynchus mykiss,Europe and Central Asia,1879
Oncorhynchus nerka,Asia and the Pacific,1894
Oncosiphon piluliferum,Americas,1981
Ondatra zibethicus,Americas,1948
Ondatra zibethicus,Asia and the Pacific,1927
Ondatra zibethicus,Europe and Central Asia,1905
Onobrychis viciifolia,Americas,1891
Onopordum acanthium,Americas,1881
Onopordum acanthium,Asia and the Pacific,1879
Onopordum illyricum,Americas,1972
Operophtera brumata,Americas,1930
Ophiognomonia clavigignenti-juglandacearum,Americas,1965
Ophiostoma novo-ulmi,Americas,1945
Ophiostoma novo-ulmi,Europe and Central Asia,1950
Ophiostoma ulmi,Europe and Central Asia,1950
Opilio canestrinii,Europe and Central Asia,1960
Opisthoplatia orientalis,Asia and the Pacific,1979
Opogona sacchari,Asia and the Pacific,1987
Opuntia aurantiaca,Asia and the Pacific,1908
Opuntia elatior,Asia and the Pacific,1963
Opuntia ficus-indica,Africa,1959
Opuntia ficus-indica,Asia and the Pacific,1645
Opuntia ficus-indica,Europe and Central Asia,1565
Opuntia humifusa,Asia and the Pacific,1982
Opuntia humifusa,Europe and Central Asia,1705
Opuntia leucotricha,Asia and the Pacific,2006
Opuntia microdasys,Asia and the Pacific,1845
Opuntia monacantha,Africa,1772
Opuntia monacantha,Asia and the Pacific,1625
Opuntia phaeacantha,Asia and the Pacific,2005
Opuntia puberula,Asia and the Pacific,1979
Opuntia spinulifera,Africa,1934
Opuntia streptacantha,Asia and the Pacific,1982
Opuntia stricta,Africa,1937
Opuntia stricta,Asia and the Pacific,1645
Opuntia tomentosa,Asia and the Pacific,1964
Oracella acuta,Asia and the Pacific,1988
Orchestes alni,Americas,2003
Oreochromis aureus,Americas,1964
Oreochromis aureus,Asia and the Pacific,1970
Oreochromis aureus,Europe and Central Asia,1979
Oreochromis mossambicus,Africa,1944
Oreochromis mossambicus,Americas,1923
Oreochromis mossambicus,Asia and the Pacific,1939
Oreochromis niloticus,Africa,1956
Oreochromis niloticus,Americas,1933
Oreochromis niloticus,Asia and the Pacific,1962
Oreochromis niloticus,Europe and Central Asia,1970
Oreochromis urolepis,Americas,1978
Ornithogalum nutans,Americas,1991
Ornithogalum umbellatum,Americas,1813
Ornithopus pinnatus,Americas,1953
Ornithopus sativus,Americas,1923
Orobanche minor,Americas,1891
Orobanche minor,Asia and the Pacific,1937
Orthodontium lineare,Europe and Central Asia,1964
Orthotomicus erosus,Americas,2004
Oryctolagus cuniculus,Africa,1450
Oryctolagus cuniculus,Americas,1750
Oryctolagus cuniculus,Asia and the Pacific,16
Oryctolagus cuniculus,Europe and Central Asia,-1000
Osmerus mordax,Americas,1912
Osmunda regalis,Asia and the Pacific,1890
Osphronemus goramy,Africa,1857
Osteopilus septentrionalis,Americas,1809
Osteospermum fruticosum,Asia and the Pacific,1963
Osteospermum moniliferum,Asia and the Pacific,1869
Ostrea edulis,Americas,1957
Otiorhynchus ovatus,Americas,1852
Otiorhynchus sulcatus,Americas,1831
Ottelia ovalifolia,Asia and the Pacific,1899
Ovachlamys fulgens,Americas,2002
Ovis ammon,Europe and Central Asia,1899
Ovis aries,Americas,1493
Ovis aries,Asia and the Pacific,1814
Ovis aries,Europe and Central Asia,1731
Oxalis articulata,Americas,1973
Oxalis articulata,Europe and Central Asia,1795
Oxalis corniculata,Americas,1800
Oxalis corniculata,Asia and the Pacific,1814
Oxalis corniculata,Europe and Central Asia,1852
Oxalis debilis,Asia and the Pacific,1817
Oxalis dillenii,Europe and Central Asia,1887
Oxalis latifolia,Africa,1937
Oxalis latifolia,Asia and the Pacific,1954
Oxalis pes-caprae,Americas,1902
Oxalis pes-caprae,Asia and the Pacific,1886
Oxalis pes-caprae,Europe and Central Asia,1785
Oxybasis glauca,Americas,1974
Oxybasis glauca,Asia and the Pacific,1897
Oxychilus draparnaudi,Europe and Central Asia,1870
Oxyura jamaicensis,Europe and Central Asia,1935
Pachycordyle michaeli,Europe and Central Asia,2002
Pachysandra terminalis,Americas,1948
Pacifastacus leniusculus,Asia and the Pacific,1909
Pacifastacus leniusculus,Europe and Central Asia,1939
Paguma larvata,Asia and the Pacific,19
Palaemon macrodactylus,Europe and Central Asia,1998
Panaphis juglandis,Europe and Central Asia,1917
Pandorea pandorana,Asia and the Pacific,1969
Panicum antidotale,Americas,1939
Panicum capillare,Americas,1854
Panicum capillare,Europe and Central Asia,1960
Panicum dichotomiflorum,Americas,1983
Panicum dichotomiflorum,Asia and the Pacific,1908
Panicum dichotomiflorum,Europe and Central Asia,1951
Panicum maximum,Asia and the Pacific,1908
Panicum miliaceum,Americas,1897
Panicum repens,Americas,1837
Panicum repens,Asia and the Pacific,1857
Panicum schinzii,Europe and Central Asia,1995
Pantherophis guttatus,Americas,1993
Papaver dubium,Americas,1922
Papaver dubium,Asia and the Pacific,1960
Papaver hybridum,Americas,1999
Papaver nudicaule,Europe and Central Asia,1884
Papaver rhoeas,Americas,1845
Paracheirodon innesi,Americas,1971
Parachromis managuensis,Americas,1958
Parachromis managuensis,Asia and the Pacific,1990
Paraglenea fortunei,Asia and the Pacific,1873
Paraleucilla magna,Europe and Central Asia,2001
Paraleyrodes bondari,Americas,2011
Paralithodes camtschaticus,Europe and Central Asia,1933
Paranais frici,Europe and Central Asia,1970
Paraphloeostiba gayndahensis,Europe and Central Asia,1988
Parapholis incurva,Americas,1940
Parasa lepida,Asia and the Pacific,1920
Parasaissetia nigra,Asia and the Pacific,1989
Paraserianthes lophantha,Africa,1833
Paraserianthes lophantha,Americas,1914
Paraserianthes lophantha,Asia and the Pacific,1869
Paratachardina pseudolobata,Americas,1992
Paratrechina longicornis,Americas,1911
Paratrechina longicornis,Asia and the Pacific,1920
Paratrechina longicornis,Europe and Central Asia,1880
Parectopa robiniella,Europe and Central Asia,1982
Parentucellia viscosa,Americas,1911
Parietaria judaica,Americas,1962
Parkinsonia aculeata,Africa,1858
Parkinsonia aculeata,Asia and the Pacific,1888
Parkinsonia aculeata,Europe and Central Asia,1760
Parthenium hysterophorus,Africa,1894
Parthenium hysterophorus,Asia and the Pacific,1926
Parthenocissus quinquefolia,Europe and Central Asia,1900
Parthenocissus vitacea,Europe and Central Asia,1909
Parthenolecanium fletcheri,Europe and Central Asia,1959
Parvocalanus crassirostris,Europe and Central Asia,2014
Paspalum conjugatum,Asia and the Pacific,1912
Paspalum dilatatum,Americas,1885
Paspalum dilatatum,Asia and the Pacific,1953
Paspalum dilatatum,Europe and Central Asia,1842
Paspalum distichum,Asia and the Pacific,1887
Paspalum distichum,Europe and Central Asia,1869
Paspalum urvillei,Americas,1909
Paspalum vaginatum,Asia and the Pacific,1841
Paspalum vaginatum,Europe and Central Asia,1880
Passer domesticus,Africa,1910
Passer domesticus,Americas,1820
Passiflora caerulea,Africa,1858
Passiflora caerulea,Asia and the Pacific,1950
Passiflora edulis,Africa,1858
Passiflora edulis,Asia and the Pacific,1897
Passiflora foetida,Asia and the Pacific,1861
Passiflora mixta,Asia and the Pacific,1966
Passiflora mollissima,Americas,1933
Passiflora suberosa,Africa,1858
Passiflora suberosa,Asia and the Pacific,1907
Passiflora subpeltata,Africa,1858
Passiflora tarminiana,Americas,1886
Passiflora tarminiana,Asia and the Pacific,1966
Passiflora tripartita,Asia and the Pacific,1947
Pastinaca sativa,Americas,1850
Pastinaca sativa,Europe and Central Asia,1861
Pavo cristatus,Asia and the Pacific,2009
Pectinophora gossypiella,Americas,1983
Pectinophora gossypiella,Asia and the Pacific,1940
Peganum harmala,Americas,1928
Pelodiscus sinensis,Asia and the Pacific,1909
Pelophylax bedriagae,Europe and Central Asia,1993
Pelophylax kurtmuelleri,Europe and Central Asia,1941
Pelophylax lessonae,Europe and Central Asia,1880
Pelophylax ridibundus,Europe and Central Asia,1884
Penaeus aztecus,Europe and Central Asia,2012
Penaeus japonicus,Africa,1924
Penaeus japonicus,Asia and the Pacific,1928
Penaeus japonicus,Europe and Central Asia,1930
Penaeus monodon,Africa,1984
Penaeus monodon,Americas,1976
Penaeus semisulcatus,Africa,1930
Penaeus semisulcatus,Europe and Central Asia,1948
Penaeus vannamei,Americas,1975
Penaeus vannamei,Asia and the Pacific,1980
Penilia avirostris,Europe and Central Asia,2001
Pentaglottis sempervirens,Americas,1974
Pentaglottis sempervirens,Europe and Central Asia,1724
Peperomia pellucida,Asia and the Pacific,20
Perca fluviatilis,Asia and the Pacific,1867
Perca fluviatilis,Europe and Central Asia,1300
Perccottus glenii,Europe and Central Asia,1910
Percnon gibbesi,Europe and Central Asia,1999
Pereskia aculeata,Africa,1858
Periphyllus lyropictus,Americas,1847
Periplaneta americana,Asia and the Pacific,1931
Periplaneta australasiae,Asia and the Pacific,1931
Periplaneta fuliginosa,Americas,1839
Periplaneta japonica,Americas,2012
Perna perna,Americas,1800
Perna viridis,Americas,1993
Persicaria capitata,Africa,1959
Persicaria capitata,Americas,1964
Persicaria filiformis,Europe and Central Asia,1935
Persicaria longiseta,Americas,2006
Persicaria maculosa,Americas,1879
Persicaria nepalensis,Europe and Central Asia,1921
Persicaria pensylvanica,Europe and Central Asia,1772
Persicaria virginiana,Europe and Central Asia,1772
Petasites albus,Europe and Central Asia,1843
Petasites hybridus,Europe and Central Asia,1677
Petasites pyrenaicus,Europe and Central Asia,1800
Pethia conchonius,Americas,1967
Petricolaria pholadiformis,Europe and Central Asia,1899
Petrolisthes elongatus,Asia and the Pacific,1899
Petrorhagia dubia,Americas,1927
Petrorhagia nanteuilii,Asia and the Pacific,1960
Phacochoerus africanus,Americas,2014
Phalacrocorax carbo,Europe and Central Asia,1855
Phalaris aquatica,Americas,1890
Phalaris arundinacea,Americas,1822
Phalaris arundinacea,Asia and the Pacific,1878
Phalaris canariensis,Americas,1719
Phalaris minor,Americas,1882
Phasianus colchicus,Americas,1957
Phasianus colchicus,Asia and the Pacific,1919
Phasianus colchicus,Europe and Central Asia,1054
Phedimus hybridus,Europe and Central Asia,1901
Phedimus spurius,Europe and Central Asia,1823
Pheidole megacephala,Africa,1894
Pheidole megacephala,Americas,1895
Pheidole megacephala,Asia and the Pacific,1902
Phelipanche mutelii,Asia and the Pacific,1977
Phenacoccus manihoti,Africa,1989
Phenacoccus solenopsis,Asia and the Pacific,2005
Phleum pratense,Americas,1665
Phleum pratense,Asia and the Pacific,1874
Phoracantha recurva,Americas,1995
Phoracantha semipunctata,Americas,1985
Phormium tenax,Americas,2010
Photinia floribunda,Europe and Central Asia,1888
Phragmites australis,Americas,1828
Phragmites australis,Asia and the Pacific,1864
Phthorimaea operculella,Asia and the Pacific,1937
Phthorimaea operculella,Europe and Central Asia,1981
Phyllobius oblongus,Americas,1923
Phyllocnistis citrella,Americas,1993
Phyllonorycter issikii,Europe and Central Asia,1985
Phyllonorycter robiniella,Europe and Central Asia,1992
Phyllorhiza punctata,Americas,2005
Phyllostachys aurea,Asia and the Pacific,1956
Phyllostachys edulis,Asia and the Pacific,1728
Physalis peruviana,Americas,1849
Physalis peruviana,Asia and the Pacific,1843
Physalis philadelphica,Asia and the Pacific,1939
Physalis viscosa,Americas,1928
Physella acuta,Europe and Central Asia,1845
Physocarpus opulifolius,Europe and Central Asia,1805
Phytolacca acinosa,Europe and Central Asia,1956
Phytolacca americana,Asia and the Pacific,1870
Phytolacca americana,Europe and Central Asia,1642
Phytolacca dioica,Africa,1858
Phytolacca icosandra,Asia and the Pacific,1867
Phytophthora cactorum,Europe and Central Asia,2002
Phytophthora cambivora,Europe and Central Asia,2003
Phytophthora cinnamomi,Americas,1850
Phytophthora cinnamomi,Asia and the Pacific,1930
Phytophthora gonapodyides,Europe and Central Asia,2015
Phytophthora lateralis,Americas,1923
Phytophthora plurivora,Europe and Central Asia,2010
Phytophthora quercina,Europe and Central Asia,2003
Phytophthora ramorum,Americas,1995
Phytophthora ramorum,Europe and Central Asia,1989
Pica pica,Asia and the Pacific,1590
Picea glauca,Europe and Central Asia,1987
Picea lutzii,Europe and Central Asia,1920
Picea sitchensis,Europe and Central Asia,1872
Pilea microphylla,Asia and the Pacific,1928
Pilosella aurantiaca,Americas,1871
Pilosella aurantiaca,Asia and the Pacific,1911
Pilosella aurantiaca aurantiaca,Europe and Central Asia,1843
Pilosella officinarum,Americas,1672
Pilosella officinarum,Asia and the Pacific,1878
Pimephales promelas,Europe and Central Asia,2007
Pinctada imbricata,Africa,1874
Pinctada imbricata,Europe and Central Asia,1899
Pineus boerneri,Americas,1939
Pineus strobi,Europe and Central Asia,1900
Pinus banksiana,Asia and the Pacific,1957
Pinus canariensis,Africa,1884
Pinus contorta,Americas,2010
Pinus contorta,Asia and the Pacific,1957
Pinus contorta,Europe and Central Asia,1600
Pinus elliottii,Africa,1919
Pinus elliottii,Americas,1948
Pinus glabra,Americas,1962
Pinus halepensis,Africa,1827
Pinus halepensis,Asia and the Pacific,1925
Pinus halepensis,Europe and Central Asia,1949
Pinus luchuensis,Asia and the Pacific,1899
Pinus mugo,Asia and the Pacific,1987
Pinus mugo,Europe and Central Asia,1850
Pinus muricata,Asia and the Pacific,1940
Pinus nigra,Europe and Central Asia,1905
Pinus patula,Africa,1907
Pinus patula,Asia and the Pacific,1957
Pinus pinaster,Africa,1689
Pinus pinaster,Americas,1944
Pinus pinaster,Asia and the Pacific,1830
Pinus pinaster,Europe and Central Asia,1850
Pinus pinea,Africa,1689
Pinus ponderosa,Asia and the Pacific,1925
Pinus radiata,Africa,1858
Pinus radiata,Americas,1885
Pinus radiata,Asia and the Pacific,1903
Pinus roxburghii,Africa,1858
Pinus strobus,Asia and the Pacific,1957
Pinus strobus,Europe and Central Asia,1790
Pinus sylvestris,Americas,1818
Pinus sylvestris,Asia and the Pacific,1919
Pinus sylvestris,Europe and Central Asia,1909
Pinus taeda,Africa,1899
Pinus taeda,Americas,1948
Pinus uncinata,Europe and Central Asia,1860
Pipa parva,Americas,1990
Piscicola geometra,Europe and Central Asia,1930
Pisidium amnicum,Americas,1897
Pistia stratiotes,Africa,1894
Pistia stratiotes,Asia and the Pacific,1593
Pittosporum undulatum,Africa,1858
Pittosporum undulatum,Americas,1906
Pittosporum undulatum,Asia and the Pacific,1970
Pittosporum undulatum,Europe and Central Asia,1971
Pityrogramma calomelanos,Americas,2008
Plagiodera versicolora,Americas,1915
Planiliza haematocheila,Europe and Central Asia,1989
Planococcus ficus,Americas,1990
Planorbella duryi,Europe and Central Asia,1974
Plantago coronopus,Asia and the Pacific,1872
Plantago lanceolata,Americas,1743
Plantago lanceolata,Asia and the Pacific,1922
Plantago lanceolata,Europe and Central Asia,1940
Plantago major,Americas,1849
Plantago virginica,Asia and the Pacific,1951
Platorchestia platensis,Europe and Central Asia,1937
Platydemus manokwari,Asia and the Pacific,1990
Plecoglossus altivelis,Asia and the Pacific,1992
Plecostachys serpyllifolia,Americas,1997
Plectranthus barbatus,Africa,1947
Plectranthus barbatus,Asia and the Pacific,1986
Plectranthus ciliatus,Asia and the Pacific,1950
Plectranthus ecklonii,Asia and the Pacific,1974
Plestiodon japonicus,Asia and the Pacific,2003
Plodia interpunctella,Europe and Central Asia,1926
Pluchea sagittalis,Asia and the Pacific,2008
Poa annua,Americas,1762
Poa compressa,Americas,1786
Poa pratensis,Americas,1926
Poa trivialis,Americas,1813
Podalyria sericea,Asia and the Pacific,1922
Podarcis muralis,Europe and Central Asia,1932
Podarcis siculus,Europe and Central Asia,1998
Podosphaera spiraeae,Europe and Central Asia,1947
Poecilia reticulata,Americas,1940
Poecilia reticulata,Asia and the Pacific,1908
Poecilia sphenops,Americas,1971
Polistes chinensis,Asia and the Pacific,1979
Polistes humilis,Asia and the Pacific,1896
Polyandrocarpa zorritensis,Europe and Central Asia,1974
Polycarpon tetraphyllum,Americas,1880
Polydora cornuta,Europe and Central Asia,1962
Polydora hoplura,Africa,1947
Polydrusus formosus,Americas,1934
Polydrusus formosus,Europe and Central Asia,1868
Polygala myrtifolia,Asia and the Pacific,1869
Polygonum aviculare,Americas,1878
Polygonum hydropiperoides,Americas,1851
Polygonum orientale,Americas,1935
Polygonum polycnemoides,Americas,1997
Polygraphus proximus,Europe and Central Asia,1999
Polypedates leucomystax,Asia and the Pacific,1964
Polypogon monspeliensis,Americas,1860
Polypogon viridis,Americas,1861
Pomacea canaliculata,Americas,1991
Pomacea canaliculata,Asia and the Pacific,1981
Pomacea maculata,Asia and the Pacific,1981
Pomoxis annularis,Americas,1954
Pomoxis nigromaculatus,Americas,1986
Pontastacus leptodactylus,Europe and Central Asia,1973
Pontederia cordata,Africa,1945
Ponticola kessleri,Europe and Central Asia,1986
Pontogammarus maeoticus,Europe and Central Asia,1955
Pontogammarus robustoides,Europe and Central Asia,1950
Popillia japonica,Americas,1916
Populus alba,Africa,1858
Populus alba,Americas,1893
Populus alba,Asia and the Pacific,1903
Populus alba,Europe and Central Asia,1749
Populus balsamifera,Europe and Central Asia,1862
Populus canadensis,Europe and Central Asia,1852
Populus canescens,Africa,1874
Populus deltoides,Africa,1878
Populus nigra,Americas,1790
Populus tremula,Americas,1837
Portulaca oleracea,Americas,1876
Portulaca oleracea,Asia and the Pacific,1845
Portulaca pilosa,Asia and the Pacific,1929
Portunus pelagicus,Asia and the Pacific,1930
Potamogeton crispus,Americas,1813
Potamogeton crispus,Asia and the Pacific,1940
Potamopyrgus antipodarum,Asia and the Pacific,1990
Potamopyrgus antipodarum,Europe and Central Asia,1852
Potamotrygon falkneri,Americas,1982
Potamotrygon motoro,Americas,1982
Potentilla indica,Americas,1887
Potentilla indica,Europe and Central Asia,1797
Potentilla norvegica,Europe and Central Asia,1830
Potentilla recta,Americas,1902
Potentilla reptans,Americas,1922
Praxelis clematidea,Asia and the Pacific,1980
Prionospio krusadensis,Europe and Central Asia,2005
Prionospio saccifera,Europe and Central Asia,1995
Pristiphora erichsonii,Americas,1880
Pristiphora geniculata,Americas,1926
Procambarus acutus,Europe and Central Asia,2002
Procambarus clarkii,Africa,1966
Procambarus clarkii,Asia and the Pacific,1927
Procambarus clarkii,Europe and Central Asia,1973
Procambarus virginalis,Africa,2003
Procambarus virginalis,Europe and Central Asia,2003
Procyon lotor,Americas,1784
Procyon lotor,Asia and the Pacific,1962
Procyon lotor,Europe and Central Asia,1927
Prodiplosis violicola,Europe and Central Asia,2004
Profenusa thomsoni,Americas,1948
Prorocentrum cordatum,Europe and Central Asia,1948
Prosopis glandulosa,Africa,1900
Prosopis glandulosa,Asia and the Pacific,1935
Prosopis juliflora,Africa,1900
Prosopis juliflora,Asia and the Pacific,1846
Prosopis juliflora,Europe and Central Asia,1972
Prosopis pallida,Asia and the Pacific,1954
Prosopis velutina,Africa,1914
Prosopis velutina,Asia and the Pacific,1899
Prostephanus truncatus,Africa,1983
Protaetia pryeri,Asia and the Pacific,1985
Proterorhinus marmoratus,Europe and Central Asia,2008
Proterorhinus semilunaris,Europe and Central Asia,1985
Protobothrops elegans,Asia and the Pacific,1976
Protobothrops mucrosquamatus,Asia and the Pacific,1973
Prunus avium,Americas,1634
Prunus avium,Asia and the Pacific,1871
Prunus campanulata,Asia and the Pacific,1987
Prunus cerasifera,Americas,1929
Prunus cerasifera,Asia and the Pacific,1953
Prunus cerasifera,Europe and Central Asia,1955
Prunus cerasoides,Africa,1950
Prunus cerasus,Americas,2000
Prunus domestica,Americas,1932
Prunus domestica,Asia and the Pacific,1922
Prunus laurocerasus,Americas,1933
Prunus laurocerasus,Asia and the Pacific,1948
Prunus laurocerasus,Europe and Central Asia,1563
Prunus lusitanica,Americas,2003
Prunus lusitanica,Europe and Central Asia,1927
Prunus mahaleb,Americas,1954
Prunus padus,Americas,1838
Prunus persica,Asia and the Pacific,1868
Prunus serotina,Europe and Central Asia,1700
Prunus serrulata,Asia and the Pacific,1978
Prunus spinosa,Americas,1748
Pseudelephantopus spicatus,Asia and the Pacific,1932
Pseudeurostus hilleri,Americas,1921
Pseudochattonella verruculosa,Europe and Central Asia,1998
Pseudodactylogyrus anguillae,Europe and Central Asia,1985
Pseudodactylogyrus bini,Europe and Central Asia,1919
Pseudonereis anomala,Europe and Central Asia,1969
Pseudoperonospora cubensis,Europe and Central Asia,1985
Pseudopolydora paucibranchiata,Europe and Central Asia,1997
Pseudorasbora parva,Asia and the Pacific,1984
Pseudorasbora parva,Europe and Central Asia,1960
Pseudosasa japonica,Asia and the Pacific,1968
Pseudosasa japonica,Europe and Central Asia,1955
Pseudosuccinea columella,Europe and Central Asia,1972
Pseudotsuga menziesii,Asia and the Pacific,1925
Psidium cattleianum,Africa,1822
Psidium cattleianum,Americas,1825
Psidium cattleianum,Asia and the Pacific,1956
Psidium guajava,Africa,1700
Psidium guajava,Americas,1535
Psidium guajava,Asia and the Pacific,1964
Psittacula alexandri,Asia and the Pacific,1981
Psittacula eupatria,Asia and the Pacific,1981
Psittacula eupatria,Europe and Central Asia,2008
Psittacula krameri,Africa,1886
Psittacula krameri,Americas,1985
Psittacula krameri,Asia and the Pacific,1949
Psittacula krameri,Europe and Central Asia,1854
Psoralea pinnata,Asia and the Pacific,1869
Pteridium aquilinum,Americas,1847
Pteris cretica,Americas,1962
Pteris cretica,Asia and the Pacific,1881
Pteris vittata,Americas,1943
Pterois miles,Europe and Central Asia,1991
Pterois volitans,Americas,1996
Pterygoplichthys disjunctivus,Americas,1995
Pterygoplichthys disjunctivus,Asia and the Pacific,1995
Pterygoplichthys multiradiatus,Americas,2007
Pterygoplichthys pardalis,Americas,2009
Pterygoplichthys pardalis,Asia and the Pacific,1992
Ptilinus pectinicornis,Americas,1960
Ptilohyale littoralis,Europe and Central Asia,2009
Ptinus bicinctus,Americas,1937
Pueraria montana,Africa,1946
Pulvinaria hydrangeae,Europe and Central Asia,1988
Pulvinaria regalis,Europe and Central Asia,1964
Punica granatum,Americas,1905
Puntigrus tetrazona,Americas,1971
Puntius titteya,Americas,1967
Pycnonotus cafer,Asia and the Pacific,1900
Pycnonotus jocosus,Africa,1880
Pycnonotus jocosus,Asia and the Pacific,1985
Pycnonotus sinensis,Asia and the Pacific,1976
Pygocentrus nattereri,Asia and the Pacific,1990
Pyracantha angustifolia,Africa,1919
Pyracantha angustifolia,Americas,1942
Pyracantha angustifolia,Asia and the Pacific,1954
Pyracantha coccinea,Americas,1996
Pyracantha coccinea,Europe and Central Asia,2002
Pyracantha crenulata,Africa,1918
Pyracantha fortuneana,Asia and the Pacific,1984
Pyracantha koidzumii,Americas,1963
Pyromaia tuberculata,Asia and the Pacific,1960
Pyrus communis,Americas,1901
Quadrastichus erythrinae,Africa,2004
Quadrastichus erythrinae,Asia and the Pacific,2003
Quercus cerris,Europe and Central Asia,1844
Quercus ilex,Europe and Central Asia,1862
Quercus robur,Africa,1656
Quercus robur,Americas,1957
Quercus rubra,Europe and Central Asia,1799
Raffaelea lauricola,Americas,2002
Rangia cuneata,Europe and Central Asia,1991
Ranunculus acris,Americas,1821
Ranunculus acris,Asia and the Pacific,1871
Ranunculus arvensis,Americas,1915
Ranunculus bulbosus,Americas,1919
Ranunculus muricatus,Americas,1845
Ranunculus muricatus,Asia and the Pacific,1980
Ranunculus parviflorus,Americas,1945
Ranunculus psilostachys,Europe and Central Asia,1961
Ranunculus repens,Americas,1743
Ranunculus sardous,Americas,1902
Ranunculus sceleratus,Americas,1969
Raoiella indica,Americas,2005
Rapana venosa,Americas,1998
Rapana venosa,Europe and Central Asia,1946
Raphanus raphanistrum,Americas,1882
Raphanus sativus,Americas,1846
Rapistrum rugosum,Americas,1922
Rathkea octopunctata,Europe and Central Asia,1959
Rattus exulans,Asia and the Pacific,-1500
Rattus norvegicus,Africa,1995
Rattus norvegicus,Americas,1536
Rattus norvegicus,Asia and the Pacific,1769
Rattus norvegicus,Europe and Central Asia,1700
Rattus rattus,Africa,1500
Rattus rattus,Americas,1607
Rattus rattus,Asia and the Pacific,1792
Rattus rattus,Europe and Central Asia,700
Reseda alba,Americas,1890
Reseda lutea,Asia and the Pacific,1974
Reynoutria bohemica,Americas,1957
Reynoutria bohemica,Europe and Central Asia,1901
Reynoutria japonica,Americas,1901
Reynoutria japonica,Asia and the Pacific,1932
Reynoutria japonica,Europe and Central Asia,1849
Reynoutria sachalinensis,Americas,1928
Reynoutria sachalinensis,Asia and the Pacific,1935
Reynoutria sachalinensis,Europe and Central Asia,1869
Rhagoletis cingulata,Europe and Central Asia,2001
Rhamnus alaternus,Asia and the Pacific,1940
Rhamnus cathartica,Americas,1838
Rhaphiolepis loquata,Asia and the Pacific,1956
Rhaponticum repens,Americas,1914
Rhinella marina,Africa,1937
Rhinella marina,Americas,1833
Rhinella marina,Asia and the Pacific,1934
Rhinocyllus conicus,Americas,1969
Rhithropanopeus harrisii,Europe and Central Asia,1874
Rhodeus ocellatus,Asia and the Pacific,1942
Rhododendron ponticum,Asia and the Pacific,1951
Rhododendron ponticum,Europe and Central Asia,1800
Rhopilema nomadica,Africa,1976
Rhopilema nomadica,Europe and Central Asia,1995
Rhus typhina,Europe and Central Asia,1900
Rhyacionia buoliana,Americas,1914
Rhynchophorus ferrugineus,Asia and the Pacific,1975
Ribes rubrum,Europe and Central Asia,1890
Ribes sanguineum,Asia and the Pacific,1903
Ribes uva-crispa,Americas,1940
Ribes uva-crispa,Asia and the Pacific,1871
Ribes uva-crispa,Europe and Central Asia,1777
Richardia brasiliensis,Africa,1919
Richardia brasiliensis,Americas,1994
Richardia scabra,Africa,1944
Richardia scabra,Asia and the Pacific,1932
Ricinus communis,Africa,800
Ricinus communis,Americas,1851
Ricinus communis,Asia and the Pacific,65
Ricinus communis,Europe and Central Asia,1800
Rimapenaeus similis,Africa,2006
Rivina humilis,Africa,1944
Robinia hispida,Americas,1956
Robinia pseudoacacia,Africa,1858
Robinia pseudoacacia,Americas,1884
Robinia pseudoacacia,Asia and the Pacific,20
Robinia pseudoacacia,Europe and Central Asia,1662
Roldana petasitis,Asia and the Pacific,1952
Ropalidia marginata,Asia and the Pacific,1981
Rorippa anceps,Europe and Central Asia,1905
Rorippa austriaca,Americas,1910
Rorippa sylvestris,Americas,1822
Rosa canina,Americas,1806
Rosa laevigata,Americas,1783
Rosa multiflora,Americas,1924
Rosa rubiginosa,Africa,1937
Rosa rubiginosa,Americas,1910
Rosa rubiginosa,Asia and the Pacific,1867
Rosa rugosa,Americas,1988
Rosa rugosa,Europe and Central Asia,1825
Rosa spinosissima,Americas,1960
Rotala rotundifolia,Americas,2001
Rottboellia cochinchinensis,Americas,1927
Roystonea oleracea,Americas,1930
Rubus armeniacus,Americas,1922
Rubus armeniacus,Europe and Central Asia,1915
Rubus bifrons,Americas,1910
Rubus cuneifolius,Africa,1898
Rubus flagellaris,Africa,1981
Rubus fruticosus,Africa,1858
Rubus fruticosus,Asia and the Pacific,1867
Rubus idaeus,Asia and the Pacific,1869
Rubus laciniatus,Americas,1900
Rubus macrophyllus,Americas,1925
Rubus niveus,Africa,1961
Rubus phoenicolasius,Americas,1940
Rubus phoenicolasius,Asia and the Pacific,1922
Rubus spectabilis,Europe and Central Asia,1931
Rubus ulmifolius,Americas,1859
Rubus vestitus,Americas,1922
Rudbeckia laciniata,Europe and Central Asia,1800
Rudbeckia laciniata laciniata,Asia and the Pacific,19
Ruditapes philippinarum,Americas,1936
Ruditapes philippinarum,Europe and Central Asia,1973
Rumex acetosella,Americas,1016
Rumex acetosella,Asia and the Pacific,1897
Rumex alpinus,Europe and Central Asia,1819
Rumex confertus,Europe and Central Asia,1920
Rumex crispus,Americas,1743
Rumex hypogaeus,Asia and the Pacific,1882
Rumex longifolius,Americas,2009
Rumex longifolius,Europe and Central Asia,1961
Rumex obtusifolius,Americas,1813
Rumex obtusifolius,Asia and the Pacific,1909
Rumex patientia,Europe and Central Asia,1856
Rumex sagittatus,Asia and the Pacific,1934
Rumex stenophyllus,Americas,1921
Rumina decollata,Asia and the Pacific,1988
Rusa timorensis,Asia and the Pacific,-4000
Rusa unicolor,Asia and the Pacific,1860
Rutilus rutilus,Europe and Central Asia,1889
Rytidosperma biannulare,Americas,1945
Rytidosperma caespitosum,Americas,1992
Rytidosperma penicillatum,Americas,1938
Saccharum ravennae,Americas,1915
Sagina procumbens,Americas,1918
Sagittaria latifolia,Europe and Central Asia,1941
Sagittaria montevidensis,Asia and the Pacific,1996
Sagittaria platyphylla,Asia and the Pacific,1959
Sagra femorata,Asia and the Pacific,2009
Salix babylonica,Africa,1689
Salix babylonica,Americas,1898
Salix babylonica,Asia and the Pacific,1843
Salix caprea,Americas,1876
Salix caprea,Asia and the Pacific,1888
Salix cinerea,Americas,1917
Salix cinerea,Asia and the Pacific,1914
Salix fragilis,Africa,1914
Salix fragilis,Americas,1834
Salix fragilis,Asia and the Pacific,1843
Salix fragilis,Europe and Central Asia,1834
Salix humboldtiana,Asia and the Pacific,1969
Salix mollissima,Europe and Central Asia,1857
Salix myricoides,Asia and the Pacific,2004
Salix nigra,Asia and the Pacific,1896
Salix pendulina,Americas,1922
Salix pendulina,Asia and the Pacific,1967
Salix pentandra,Americas,1897
Salix purpurea,Americas,1848
Salix purpurea,Asia and the Pacific,1845
Salix sepulcralis,Americas,1922
Salix triandra,Asia and the Pacific,1888
Salix viminalis,Americas,1877
Salix viminalis,Asia and the Pacific,1843
Salix viminalis,Europe and Central Asia,1857
Salpichroa origanifolia,Americas,1913
Salpichroa origanifolia,Asia and the Pacific,1940
Salpichroa origanifolia,Europe and Central Asia,1927
Salsola soda,Americas,1950
Salvator merianae,Americas,1951
Salvelinus fontinalis,Americas,1904
Salvelinus fontinalis,Asia and the Pacific,1901
Salvelinus fontinalis,Europe and Central Asia,1868
Salvelinus namaycush,Europe and Central Asia,1899
Salvia aethiopis,Americas,1892
Salvia glutinosa,Americas,1969
Salvia pratensis,Americas,1976
Salvia reflexa,Europe and Central Asia,1962
Salvia sclarea,Americas,1892
Salvinia minima,Americas,1928
Salvinia molesta,Africa,1952
Salvinia molesta,Americas,1992
Salvinia molesta,Asia and the Pacific,1950
Sambucus nigra,Asia and the Pacific,1867
Sambucus nigra,Europe and Central Asia,1777
Sambucus racemosa,Europe and Central Asia,1750
Sander lucioperca,Americas,1970
Sander lucioperca,Europe and Central Asia,1878
Sansevieria hyacinthoides,Americas,1800
Saponaria officinalis,Americas,1871
Saponaria officinalis,Europe and Central Asia,1777
Sargassum muticum,Americas,1973
Sargassum muticum,Europe and Central Asia,1920
Sarracenia purpurea,Europe and Central Asia,1906
Sasa palmata,Europe and Central Asia,1964
Sasaella ramosa,Europe and Central Asia,1983
Saurida undosquamis,Europe and Central Asia,1952
Scardinius erythrophthalmus,Americas,1700
Scardinius erythrophthalmus,Europe and Central Asia,1910
Sceliphron caementarium,Europe and Central Asia,1992
Schinus molle,Africa,1883
Schinus molle,Americas,1852
Schinus terebinthifolia,Africa,1926
Schinus terebinthifolia,Americas,1891
Schismus arabicus,Americas,1935
Schismus barbatus,Americas,1929
Schizolobium parahyba,Americas,1972
Schizoporella errata,Africa,1977
Schizoporella japonica,Europe and Central Asia,2010
Schizoporella unicornis,Europe and Central Asia,2000
Schkuhria pinnata,Africa,1918
Schoenoplectus californicus,Asia and the Pacific,1990
Scilla bifolia,Europe and Central Asia,1961
Scilla forbesii,Europe and Central Asia,1963
Scilla luciliae,Europe and Central Asia,1963
Scilla sardensis,Europe and Central Asia,1967
Scilla siberica,Europe and Central Asia,1884
Scirtothrips perseae,Americas,1996
Sciurus carolinensis,Europe and Central Asia,1876
Sciurus granatensis,Americas,1940
Scolymus hispanicus,Americas,1894
Scolytus multistriatus,Americas,1944
Scolytus schevyrewi,Americas,1994
Scoparia dulcis,Asia and the Pacific,1800
Secale cereale,Americas,1898
Sedum acre,Asia and the Pacific,1903
Sedum hispanicum,Europe and Central Asia,1898
Sedum sexangulare,Europe and Central Asia,1930
Semimytilus patagonicus,Africa,2009
Sempervivum globiferum,Europe and Central Asia,1840
Senecio angulatus,Asia and the Pacific,1940
Senecio glastifolius,Asia and the Pacific,1963
Senecio inaequidens,Americas,1990
Senecio inaequidens,Europe and Central Asia,1876
Senecio jacobaea,Asia and the Pacific,1892
Senecio madagascariensis,Americas,1940
Senecio madagascariensis,Asia and the Pacific,1918
Senecio mikanioides,Asia and the Pacific,1869
Senecio sarracenicus,Europe and Central Asia,1720
Senecio skirrhodon,Asia and the Pacific,1914
Senecio sylvaticus,Americas,1887
Senecio vernalis,Europe and Central Asia,1830
Senecio viscosus,Americas,1897
Senecio viscosus,Europe and Central Asia,1813
Senecio vulgaris,Americas,1847
Senecio vulgaris,Asia and the Pacific,1887
Senecio vulgaris,Europe and Central Asia,1945
Senna bicapsularis,Africa,1858
Senna corymbosa,Africa,1858
Senna didymobotrya,Africa,1909
Senna hirsuta,Africa,1875
Senna multiglandulosa,Africa,1898
Senna occidentalis,Africa,1858
Senna occidentalis,Asia and the Pacific,1500
Senna pendula,Africa,1933
Senna septemtrionalis,Africa,1909
Senna septemtrionalis,Asia and the Pacific,1956
Senna siamea,Americas,1981
Senna tora,Asia and the Pacific,1910
Sericinus montela,Asia and the Pacific,1978
Seriola fasciata,Africa,1998
Sesbania cannabina,Asia and the Pacific,1910
Sesbania herbacea,Asia and the Pacific,1910
Sesbania punicea,Africa,1858
Sesbania punicea,Americas,1934
Setaria faberi,Americas,1947
Setaria faberi,Europe and Central Asia,1961
Setaria helvola,Americas,1888
Setaria helvola,Europe and Central Asia,1899
Setaria italica,Americas,1883
Setaria palmifolia,Asia and the Pacific,1974
Setaria verticillata,Americas,1891
Setaria verticillata,Europe and Central Asia,1799
Setaria viridis,Americas,1876
Shablogammarus subnudus,Europe and Central Asia,1981
Sherardia arvensis,Americas,1893
Sicyos angulatus,Asia and the Pacific,1952
Sicyos angulatus,Europe and Central Asia,1701
Sieruela rutidosperma,Asia and the Pacific,1958
Siganus luridus,Africa,1969
Siganus luridus,Europe and Central Asia,1955
Siganus rivulatus,Africa,1971
Siganus rivulatus,Europe and Central Asia,1925
Silene dioica,Americas,1837
Silene flos-cuculi,Americas,1886
Silene gallica,Americas,1800
Silene latifolia,Americas,1875
Silene noctiflora,Americas,1902
Silene vulgaris,Americas,1813
Sillago sihama,Europe and Central Asia,1977
Silurus glanis,Africa,1990
Silurus glanis,Asia and the Pacific,1990
Silurus glanis,Europe and Central Asia,1853
Silybum marianum,Americas,1862
Silybum marianum,Asia and the Pacific,1868
Sinanodonta woodiana,Europe and Central Asia,1962
Sinapis alba,Americas,1890
Sinapis arvensis,Americas,1893
Singhiella simplex,Americas,2007
Sinomalus sieboldii,Americas,2003
Sinosuthora webbiana,Europe and Central Asia,2007
Siphateles bicolor,Americas,1955
Sirex noctilio,Americas,2001
Sisymbrium altissimum,Americas,1886
Sisymbrium altissimum,Europe and Central Asia,1840
Sisymbrium irio,Americas,1915
Sisymbrium loeselii,Americas,2002
Sisymbrium loeselii,Europe and Central Asia,1819
Sisymbrium officinale,Americas,1862
Sisymbrium orientale,Americas,1930
Sisymbrium volgense,Europe and Central Asia,1894
Sisyrinchium montanum,Europe and Central Asia,1946
Sitophilus granarius,Asia and the Pacific,1954
Sixalix atropurpurea,Americas,1894
Smyrnium olusatrum,Europe and Central Asia,1562
Solanum aculeatissimum,Asia and the Pacific,19
Solanum angustifolium,Asia and the Pacific,1895
Solanum angustifolium,Europe and Central Asia,1918
Solanum aviculare,Americas,1902
Solanum capsicoides,Asia and the Pacific,1895
Solanum carolinense,Asia and the Pacific,1872
Solanum dulcamara,Americas,1813
Solanum dulcamara,Asia and the Pacific,1924
Solanum elaeagnifolium,Africa,1951
Solanum elaeagnifolium,Asia and the Pacific,1906
Solanum elaeagnifolium,Europe and Central Asia,1946
Solanum erianthum,Asia and the Pacific,1857
Solanum laxum,Asia and the Pacific,1953
Solanum linnaeanum,Asia and the Pacific,1882
Solanum linnaeanum,Europe and Central Asia,1704
Solanum marginatum,Americas,1865
Solanum marginatum,Asia and the Pacific,1882
Solanum mauritianum,Africa,1862
Solanum mauritianum,Asia and the Pacific,1882
Solanum nigrum,Americas,1850
Solanum physalifolium,Americas,1887
Solanum pseudocapsicum,Asia and the Pacific,1934
Solanum seaforthianum,Africa,1902
Solanum sisymbriifolium,Africa,1906
Solanum sisymbriifolium,Europe and Central Asia,1904
Solanum torvum,Asia and the Pacific,1827
Solanum viarum,Americas,1987
Solenopsis geminata,Asia and the Pacific,1887
Solenopsis invicta,Americas,1998
Solenopsis invicta,Asia and the Pacific,2003
Solidago altissima,Asia and the Pacific,1900
Solidago canadensis,Asia and the Pacific,1935
Solidago canadensis,Europe and Central Asia,1648
Solidago gigantea,Asia and the Pacific,1892
Solidago gigantea,Europe and Central Asia,1737
Soliva anthemifolia,Asia and the Pacific,1912
Soliva sessilis,Americas,1866
Sonchus arvensis,Americas,1672
Sonchus asper,Americas,1881
Sonchus oleraceus,Africa,1917
Sonchus oleraceus,Americas,1875
Sonchus oleraceus,Asia and the Pacific,1832
Sonchus palustris,Americas,1993
Sorbaria sorbifolia,Europe and Central Asia,1805
Sorbaria tomentosa,Asia and the Pacific,1920
Sorbus aucuparia,Americas,1792
Sorbus aucuparia,Asia and the Pacific,1903
Sorbus mougeotii,Europe and Central Asia,1917
Sorghum bicolor,Americas,1908
Sorghum halepense,Africa,1894
Sorghum halepense,Americas,1919
Sorghum halepense,Asia and the Pacific,20
Sorghum halepense,Europe and Central Asia,1880
Spartium junceum,Africa,1858
Spartium junceum,Americas,1909
Spathodea campanulata,Americas,1974
Spathodea campanulata,Asia and the Pacific,1911
Spergula arvensis,Americas,1877
Spergularia rubra,Americas,1818
Spermacoce alata,Asia and the Pacific,1937
Sphaerium corneum,Americas,1900
Sphaeroma quoianum,Asia and the Pacific,1892
Sphaeroma terebrans,Americas,1881
Sphaeroma walkeri,Asia and the Pacific,1928
Sphaerophysa salsula,Americas,1929
Sphaeropteris cooperi,Africa,1978
Sphaeropteris cooperi,Americas,1919
Sphaeropteris cooperi,Asia and the Pacific,1994
Sphagneticola trilobata,Africa,1979
Sphagneticola trilobata,Asia and the Pacific,1972
Sphyraena chrysotaenia,Europe and Central Asia,1931
Spilopelia chinensis,Americas,1917
Spilopelia senegalensis,Europe and Central Asia,1850
Spiraea billardii,Europe and Central Asia,1880
Spiraea douglasii,Europe and Central Asia,1910
Spiraea japonica,Asia and the Pacific,1952
Spiraea japonica,Europe and Central Asia,1839
Spiraea macrothyrsa,Europe and Central Asia,1964
Spiraea rosalba,Europe and Central Asia,1850
Spiraea salicifolia,Europe and Central Asia,1700
Spirorbis marioni,Europe and Central Asia,1987
Sporobolus alterniflorus,Asia and the Pacific,1979
Sporobolus alterniflorus,Europe and Central Asia,1806
Sporobolus anglicus,Americas,1961
Sporobolus anglicus,Asia and the Pacific,1959
Sporobolus anglicus,Europe and Central Asia,1894
Sporobolus montevidensis,Americas,1924
Sporobolus montevidensis,Europe and Central Asia,1953
Sporobolus neglectus,Europe and Central Asia,1980
Sporobolus pumilus,Europe and Central Asia,1999
Sporobolus townsendii,Asia and the Pacific,1923
Sporobolus vaginiflorus,Europe and Central Asia,1953
Squalius cephalus,Europe and Central Asia,2004
Stachys byzantina,Europe and Central Asia,1917
Stachytarpheta jamaicensis,Asia and the Pacific,19
Stelidota geminata,Europe and Central Asia,1900
Stellaria graminea,Americas,1672
Stellaria media,Americas,1672
Stellaria pallida,Asia and the Pacific,1949
Stenogammarus carausui,Europe and Central Asia,1977
Stenotaphrum secundatum,Asia and the Pacific,1871
Stenotaphrum secundatum,Europe and Central Asia,1935
Stephanitis takeyai,Europe and Central Asia,1994
Stephanolepis diaspros,Europe and Central Asia,1948
Stictocephala bisonia,Europe and Central Asia,1960
Stipa brachychaeta,Americas,1950
Streblospio gynobranchiata,Europe and Central Asia,2002
Streptopelia decaocto,Americas,1973
Streptopelia roseogrisea,Americas,2002
Strigosella africana,Americas,1983
Strophosoma melanogrammum,Americas,1888
Sturnus vulgaris,Americas,1890
Sturnus vulgaris,Asia and the Pacific,1856
Styela clava,Americas,1997
Styela clava,Asia and the Pacific,1932
Styela clava,Europe and Central Asia,1953
Styela plicata,Americas,1883
Styela plicata,Asia and the Pacific,1966
Styela plicata,Europe and Central Asia,2017
Suncus murinus,Africa,1760
Sus scrofa,Africa,1598
Sus scrofa,Americas,1490
Sus scrofa,Asia and the Pacific,1770
Sus scrofa,Europe and Central Asia,1869
Sylvilagus floridanus,Europe and Central Asia,1966
Symphoricarpos albus,Europe and Central Asia,1863
Symphoricarpos chenaultii,Europe and Central Asia,1973
Symphyotrichum lanceolatum,Europe and Central Asia,1760
Symphyotrichum novi-belgii,Europe and Central Asia,1700
Symphyotrichum salignum,Europe and Central Asia,1872
Symphyotrichum subulatum,Europe and Central Asia,1908
Symphytum asperum,Americas,1930
Symphytum asperum,Europe and Central Asia,1750
Symphytum officinale,Americas,1672
Symphytum officinale,Europe and Central Asia,1792
Symphytum uplandicum,Europe and Central Asia,1703
Synaptula reciprocans,Europe and Central Asia,1995
Synchytrium endobioticum,Europe and Central Asia,1948
Synedrella nodiflora,Asia and the Pacific,1912
Syringa vulgaris,Americas,1876
Syringa vulgaris,Europe and Central Asia,1605
Syzygium cumini,Africa,1917
Syzygium cumini,Americas,1998
Syzygium jambos,Americas,1762
Syzygium paniculatum,Africa,1858
Syzygium smithii,Asia and the Pacific,1967
Taeniatherum caput-medusae,Americas,1884
Taeniothrips inconsequens,Americas,1915
Tagetes minuta,Africa,1917
Tagetes minuta,Asia and the Pacific,2005
Talinum paniculatum,Asia and the Pacific,1476
Tamarix africana,Americas,1908
Tamarix aphylla,Americas,1919
Tamarix aphylla,Asia and the Pacific,1948
Tamarix chinensis,Africa,1858
Tamarix chinensis,Americas,1910
Tamarix gallica,Americas,1894
Tamarix parviflora,Americas,1895
Tamarix ramosissima,Africa,1923
Tamarix ramosissima,Americas,1908
Tamias sibiricus,Asia and the Pacific,1978
Tamias sibiricus,Europe and Central Asia,1969
Tanacetum vulgare,Americas,1882
Tanichthys albonubes,Americas,1971
Tapinoma melanocephalum,Africa,1930
Tapinoma melanocephalum,Americas,1905
Tapinoma melanocephalum,Asia and the Pacific,1918
Taraxacum erythrospermum,Americas,1902
Taraxacum officinale,Asia and the Pacific,1886
Tarebia granifera,Africa,2005
Tarebia granifera,Americas,1947
Tarophagus colocasiae,Americas,2015
Taxus media,Europe and Central Asia,1897
Technomyrmex albipes,Africa,1887
Tecoma capensis,Asia and the Pacific,1957
Tecoma stans,Africa,1858
Tecoma stans,Americas,1871
Tectaria incisa,Americas,1970
Telekia speciosa,Europe and Central Asia,1814
Temora turbinata,Americas,1980
Tenrec ecaudatus,Africa,1845
Teredo navalis,Europe and Central Asia,1953
Tetragonia tetragonioides,Americas,1891
Tetrancistrum polymorphum,Europe and Central Asia,1971
Tetrancistrum strophosolenus,Europe and Central Asia,1971
Tetrancistrum suezicum,Europe and Central Asia,1971
Tetranychus urticae,Asia and the Pacific,1978
Tetropium fuscum,Americas,1990
Thaumastocoris peregrinus,Americas,2008
Theba pisana,Africa,1881
Themeda triandra,Asia and the Pacific,1864
Thinopyrum elongatum,Americas,1903
Thinopyrum intermedium,Americas,1889
Thinopyrum pycnanthum,Asia and the Pacific,1968
Thladiantha dubia,Europe and Central Asia,1899
Thlaspi arvense,Americas,1902
Threskiornis aethiopicus,Europe and Central Asia,1975
Thrips calcaratus,Americas,1925
Thrips palmi,Asia and the Pacific,1978
Thrips simplex,Europe and Central Asia,1947
Thunbergia alata,Americas,1865
Thymelaea passerina,Americas,1989
Thymus praecox,Americas,1952
Thymus vulgaris,Asia and the Pacific,1926
Tilia platyphyllos,Europe and Central Asia,1815
Tinca tinca,Asia and the Pacific,1927
Tinca tinca,Europe and Central Asia,1800
Tineola bisselliella,Europe and Central Asia,1924
Tipuana tipu,Africa,1916
Tithonia diversifolia,Asia and the Pacific,1910
Tithonia rotundifolia,Africa,1944
Tomicus piniperda,Americas,1991
Toona ciliata,Africa,1902
Torilis arvensis,Americas,1905
Torilis japonica,Americas,1941
Toxicodendron succedaneum,Africa,1932
Trachemys scripta,Americas,1972
Trachemys scripta,Asia and the Pacific,1961
Trachemys scripta,Europe and Central Asia,1970
Trachycarpus fortunei,Asia and the Pacific,1959
Trachycarpus fortunei,Europe and Central Asia,1834
Tradescantia fluminensis,Americas,1936
Tradescantia fluminensis,Asia and the Pacific,1916
Tradescantia fluminensis,Europe and Central Asia,1884
Tragopogon dubius,Americas,1905
Tragopogon porrifolius,Americas,1877
Trapa natans,Americas,1867
Triadica sebifera,Americas,1998
Trialeurodes vaporariorum,Asia and the Pacific,1943
Tribolium destructor,Europe and Central Asia,1957
Tribulus terrestris,Americas,1891
Tricellaria inopinata,Europe and Central Asia,1982
Trichorhina tomentosa,Europe and Central Asia,1896
Trichosurus vulpecula,Asia and the Pacific,1858
Tridax procumbens,Asia and the Pacific,1830
Trifolium arvense,Americas,1818
Trifolium aureum,Americas,1787
Trifolium campestre,Americas,1887
Trifolium dubium,Americas,1818
Trifolium hirtum,Americas,1947
Trifolium hybridum,Americas,1889
Trifolium hybridum,Europe and Central Asia,1791
Trifolium incarnatum,Americas,1894
Trifolium pratense,Americas,1672
Trifolium pratense,Asia and the Pacific,1909
Trifolium repens,Americas,1665
Trifolium repens,Asia and the Pacific,1909
Trifolium repens repens,Asia and the Pacific,1846
Trifolium resupinatum,Americas,1941
Trifolium subterraneum,Americas,1921
Triodanis perfoliata,Asia and the Pacific,1911
Tripleurospermum inodorum,Americas,1880
Tripleurospermum inodorum,Europe and Central Asia,1884
Trisetum flavescens,Europe and Central Asia,1806
Tritia neritea,Europe and Central Asia,1970
Triticum aestivum,Americas,1880
Triturus carnifex,Europe and Central Asia,1973
Trochus erithreus,Europe and Central Asia,1985
Trogoderma granarium,Asia and the Pacific,1962
Trogoderma versicolor,Europe and Central Asia,1984
Tropaeolum majus,Asia and the Pacific,1882
Tropaeolum majus,Europe and Central Asia,1966
Tropaeolum pentaphyllum,Asia and the Pacific,1959
Tropaeolum speciosum,Asia and the Pacific,1945
Tsuga heterophylla,Europe and Central Asia,1890
Tubastraea coccinea,Americas,1980
Tubastraea tagusensis,Americas,1980
Tubificoides benedii,Europe and Central Asia,1916
Tupiocoris rhododendri,Europe and Central Asia,2002
Turcogammarus aralensis,Europe and Central Asia,1956
Tussilago farfara,Americas,1818
Tussilago farfara,Asia and the Pacific,1975
Typha angustifolia,Americas,1813
Typha angustifolia,Asia and the Pacific,1965
Tyto alba,Africa,1951
Ugni molinae,Asia and the Pacific,1959
Ulex europaeus,Africa,1858
Ulex europaeus,Americas,1840
Ulex europaeus,Asia and the Pacific,1867
Ulex europaeus,Europe and Central Asia,1835
Ulmus hollandica,Asia and the Pacific,1940
Ulmus minor,Europe and Central Asia,1834
Ulmus parvifolia,Americas,1955
Ulmus procera,Americas,2003
Ulmus pumila,Americas,1940
Ulva australis,Europe and Central Asia,1993
Umbra pygmaea,Europe and Central Asia,1920
Unaspis euonymi,Europe and Central Asia,1884
Unaspis yanonensis,Asia and the Pacific,1907
Undaria pinnatifida,Americas,1992
Undaria pinnatifida,Europe and Central Asia,1971
Upeneus moluccensis,Europe and Central Asia,1942
Upeneus pori,Africa,2003
Upeneus pori,Europe and Central Asia,1942
Urena lobata,Asia and the Pacific,1832
Urophora affinis,Americas,1973
Urosalpinx cinerea,Europe and Central Asia,1927
Urtica dioica,Asia and the Pacific,1869
Urtica urens,Americas,1861
Utricularia gibba,Asia and the Pacific,1978
Utricularia inflata,Asia and the Pacific,1990
Vachellia aroma,Americas,1955
Vachellia karroo,Europe and Central Asia,1930
Valeriana officinalis,Americas,1857
Vallisneria spiralis,Asia and the Pacific,1896
Varanus niloticus,Americas,1981
Varroa destructor,Europe and Central Asia,1998
Ventenata dubia,Americas,1979
Venturia saliciperda,Americas,1927
Verbascum blattaria,Americas,1881
Verbascum speciosum,Europe and Central Asia,1934
Verbascum thapsus,Americas,1600
Verbascum thapsus,Asia and the Pacific,1870
Verbena bonariensis,Americas,1924
Verbena bonariensis,Asia and the Pacific,1940
Verbena brasiliensis,Asia and the Pacific,1957
Verbena incompta,Americas,1887
Verbesina alternifolia,Asia and the Pacific,1961
Verbesina encelioides,Europe and Central Asia,1970
Veronica anagallis-aquatica,Asia and the Pacific,1867
Veronica arvensis,Americas,1884
Veronica arvensis,Asia and the Pacific,1870
Veronica beccabunga,Americas,1743
Veronica chamaedrys,Americas,1872
Veronica filiformis,Americas,1912
Veronica filiformis,Europe and Central Asia,1938
Veronica hederifolia,Americas,1950
Veronica hederifolia,Asia and the Pacific,1980
Veronica longifolia,Americas,1629
Veronica officinalis,Americas,1921
Veronica peregrina,Asia and the Pacific,1870
Veronica persica,Americas,1882
Veronica persica,Asia and the Pacific,1887
Veronica persica,Europe and Central Asia,1550
Veronica polita,Asia and the Pacific,1406
Veronica serpyllifolia,Americas,1907
Vespa velutina,Europe and Central Asia,2004
Vespula germanica,Americas,1969
Vespula germanica,Asia and the Pacific,1945
Vespula vulgaris,Asia and the Pacific,1978
Vibrio cholerae,Americas,1999
Viburnum lantana,Americas,1917
Viburnum lantana,Europe and Central Asia,1842
Viburnum opulus,Americas,1997
Viburnum plicatum,Americas,2000
Viburnum tinus,Americas,2002
Vicia cracca,Americas,1838
Vicia sativa,Americas,1880
Vicia tetrasperma,Americas,1838
Vicia villosa,Americas,1895
Vicia villosa,Asia and the Pacific,1932
Vicicitus globosus,Europe and Central Asia,2002
Vinca major,Americas,1901
Vinca major,Asia and the Pacific,1869
Vinca minor,Americas,1938
Vinca minor,Europe and Central Asia,1551
Vincetoxicum hirundinaria,Americas,1916
Vincetoxicum nigrum,Americas,1913
Vincetoxicum rossicum,Americas,1880
Vincetoxicum rossicum,Europe and Central Asia,1865
Viola odorata,Americas,1901
Viola tricolor,Americas,1718
Vitis vinifera,Americas,1895
Vitis vinifera,Asia and the Pacific,1869
Viverricula indica,Africa,1150
Volutaria tubuliflora,Americas,1987
Vulpes vulpes,Asia and the Pacific,1885
Vulpia bromoides,Americas,1909
Vulpia myuros,Americas,1875
Waltheria indica,Asia and the Pacific,1861
Washingtonia robusta,Americas,1880
Wasmannia auropunctata,Africa,1914
Wasmannia auropunctata,Americas,1902
Wasmannia auropunctata,Asia and the Pacific,1974
Wasmannia auropunctata,Europe and Central Asia,2006
Watersipora arcuata,Asia and the Pacific,1889
Watersipora subatra,Europe and Central Asia,1968
Watersipora subtorquata,Africa,1937
Watersipora subtorquata,Europe and Central Asia,2006
Watsonia meriana,Americas,1951
Watsonia meriana,Asia and the Pacific,1882
Wisteria sinensis,Asia and the Pacific,1976
Xanthium albinum,Europe and Central Asia,1928
Xanthium orientale,Asia and the Pacific,1991
Xanthium spinosum,Africa,1724
Xanthium spinosum,Americas,1876
Xanthium spinosum,Asia and the Pacific,1867
Xanthium spinosum,Europe and Central Asia,1704
Xanthium strumarium,Africa,1893
Xanthium strumarium,Asia and the Pacific,1893
Xanthium strumarium,Europe and Central Asia,1861
Xanthogaleruca luteola,Americas,1834
Xenopus laevis,Americas,1900
Xenopus laevis,Asia and the Pacific,1954
Xenopus laevis,Europe and Central Asia,1955
Xenostrobus securis,Asia and the Pacific,1971
Xenostrobus securis,Europe and Central Asia,1991
Xeranthemum annuum,Europe and Central Asia,2001
Xiphophorus hellerii,Europe and Central Asia,1944
Xiphophorus maculatus,Americas,1971
Xyleborus germanus,Europe and Central Asia,2000
Xyleborus glabratus,Americas,2002
Xylocopa tranquebarorum,Asia and the Pacific,2006
Xylosandrus compactus,Americas,1941
Xylosandrus crassiusculus,Americas,1974
Xylosandrus germanus,Americas,1982
Xylotrechus stebbingi,Europe and Central Asia,1990
Xystrocera globosa,Europe and Central Asia,2002
Zabrotes subfasciatus,Asia and the Pacific,1975
Zamenis longissimus,Europe and Central Asia,1965
Zantedeschia aethiopica,Americas,1937
Zantedeschia aethiopica,Asia and the Pacific,1869
Zaprionus indianus,Americas,2005
Zinnia peruviana,Asia and the Pacific,1900
Zizania aquatica,Europe and Central Asia,1931
Zizania latifolia,Asia and the Pacific,1906
Zizania latifolia,Europe and Central Asia,1884
Ziziphus mauritiana,Africa,1950
Zophobas atratus,Europe and Central Asia,1975
Zostera japonica,Americas,1951
Zygophyllum fabago,Americas,1926
