Country Name,Country Code,Indicator Name,Indicator Code,1960,1961,1962,1963,1964,1965,1966,1967,1968,1969,1970,1971,1972,1973,1974,1975,1976,1977,1978,1979,1980,1981,1982,1983,1984,1985,1986,1987,1988,1989,1990,1991,1992,1993,1994,1995,1996,1997,1998,1999,2000,2001,2002,2003,2004,2005,2006,2007,2008,2009,2010,2011,2012,2013,2014,2015,2016,2017,2018,2019,2020,2021
Aruba,ABW,"Air transport, passengers carried",IS.AIR.PSGR,,,,,,,,,,,,,,,,,,,,,,,,,,,,,,,,,,,,,,,,,,,,,,,,,,,,,,,,,,223502,274280,,,
Africa Eastern and Southern,AFE,"Air transport, passengers carried",IS.AIR.PSGR,,,,,,,,,,,3418300,3775300,4074500,4808000,5126100,5333100,6040400,5798900,6195600,7515200,8614600,9063100,9088900,8973900,9474400,9385300,8825600,9837400,10931600,11110800,11257400,10802900,10302700,11082400,11775500,12153400,13178400,13456500,13234700,14038500,14963609,14546112,14462573,15802323,17562611,20661751,22039609,23295972,23988552,23800085,30374164.94,33507824.27,35838679.01,35112457.82,36350758.95,39154692,41553429,45423814.08,52613964.08,54851421.29,19166036.42,24057585.26
Afghanistan,AFG,"Air transport, passengers carried",IS.AIR.PSGR,,,,,,,,,,,84700,97400,104900,96600,96100,99000,101700,111200,100400,93000,76200,129100,181000,200200,220400,225500,184400,217900,201000,220000,241400,212300,212300,197000,238400,250400,255600,89600,52700,140200,149705,,,,,,,,,,1999127,2279341.18,1737962.126,2044188,2209428,1929907,1917924,1647425,1125367,1066747.356,449041.025,293212.994
Africa Western and Central,AFW,"Air transport, passengers carried",IS.AIR.PSGR,,,,,,,,,,,1167000,1238100,1285700,1453300,1685700,1987500,2540000,2962100,3543900,3776100,4404900,5147600,5190100,5423600,5311800,5794300,5265300,4485000,3930700,3602400,3551000,3405900,3209800,2840600,3167100,3215200,2855900,3020900,3007600,3083500,2949248,2627404,2072438,2081206,2604956,,,,,,7817344.203,9140452.129,9570161.788,8677884,8030237.17,8696300,8129874,8837017,12337766.28,11384912.64,5328945.184,7425487.428
Angola,AGO,"Air transport, passengers carried",IS.AIR.PSGR,,,,,,,,,,,,,,,,,155400,282700,308000,546100,635200,801100,890500,952500,689600,894200,727000,746000,750000,509800,451500,456000,440000,333500,519000,552500,585000,555000,552900,293800,235448,193317,189619,198253,222032,239795,262666,277361,283887,274869,1010194,987798,1132424,1321872,1409952,1244491,1482546,1375523,1516628,1436959,356695,311488
Albania,ALB,"Air transport, passengers carried",IS.AIR.PSGR,,,,,,,,,,,,,,,,,,,,,,,,,,,,,,,,,,,9100,13000,29000,55400,21200,91500,136622,146273,137569,158888,179543,195702,213315,238913,243691,231263,768533,829778.9239,814339.7303,865848,151632,,26634,204090,303137,307741,124714,193259
Andorra,AND,"Air transport, passengers carried",IS.AIR.PSGR,,,,,,,,,,,,,,,,,,,,,,,,,,,,,,,,,,,,,,,,,,,,,,,,,,,,,,,,,,,,,,
Arab World,ARB,"Air transport, passengers carried",IS.AIR.PSGR,,,,,,,,,,,4209300,4737000,5625600,6569400,8227100,10178000,13313000,16062400,18669700,21838000,24725900,25883200,27570500,29098800,30019300,29988100,27905400,29113000,30660000,31525100,31484000,28835100,33877100,34017400,35968300,35918200,38024200,39692100,40403700,43269900,45723758,46769231,49871837,52465002,60950501,43608649,47875367,51722644,53542019,95372047,126796491.9,135837641.4,152014159.7,166209279.1,181627311.1,195957046,214318723,223496214.1,232670166.9,246284712.9,78203120.46,100893015.3
United Arab Emirates,ARE,"Air transport, passengers carried",IS.AIR.PSGR,,,,,,,,,,,,,,,127500,173000,240100,299800,374500,456500,521500,577800,569800,601800,674200,717500,935200,1093000,1329500,1481700,1685900,2041800,2508800,2936300,3368700,3550500,4063500,4720400,5263700,5840300,6893085,7675845,9667005,11609840,14314326,,,,,31761631,44948143.85,50342891.8,59948766.7,68151865,75608196,84343562,91763598,95306195,95758342,93995208.09,26116897,28422616
Argentina,ARG,"Air transport, passengers carried",IS.AIR.PSGR,,,,,,,,,,,2332000,2218600,2358500,2312700,2943500,3299200,3293600,3884100,3946700,5023500,5588500,4890100,4595900,4399600,5163600,4713200,5034700,5405800,5068800,4748400,5369100,4545900,5251400,5104500,6260700,6641700,7913000,8599800,8446500,9191900,8915627,5808770,5662905,6036360,6795484,6938436,6611915,7036784,6147290,5694547,9025035.312,8590839.85,9375669.74,11951276.82,12121912.82,14245183,15076354,16749271,18084553,19461377,3680874,6708097
Armenia,ARM,"Air transport, passengers carried",IS.AIR.PSGR,,,,,,,,,,,,,,,,,,,,,,,,,,,,,,,,,,,,,358100,367800,365300,343100,298232,369164,407777,366581,509904,555795,605817,560626,623688,653320,704753,392312,364733,45000,0,,,,53259,193668,54940,179200
American Samoa,ASM,"Air transport, passengers carried",IS.AIR.PSGR,,,,,,,,,,,,,,,,,,,,,,,,,,,,,,,,,,,,,,,,,,,,,,,,,,,49772.7887,50641.72277,56096.97968,72240,76944,,,,,,,
Antigua and Barbuda,ATG,"Air transport, passengers carried",IS.AIR.PSGR,,,,,,,,,,,,,,,,,,,,,,389000,376800,385000,420000,500000,600000,582000,700000,740000,755000,870000,913500,955000,1000000,1050000,1098000,1250000,1245200,1371300,1426114,1369069,1286925,1428487,714000,778260,754912,800207,813010,747969,1554309,1424420.155,1310276.413,1218000,1216152,1039810,1042929,590517,580174.1568,526333.9951,356,40633
Australia,AUS,"Air transport, passengers carried",IS.AIR.PSGR,,,,,,,,,,,7318700,7326600,7795600,9384600,10664700,11055100,10864300,11306500,12122300,13022500,13648800,13219500,13187900,12601500,13236800,14412100,15497300,16880200,18816300,15114300,17553400,21860100,23886600,26929300,26888500,28831400,30075100,30953500,30185700,31579700,32577569,33477398,39021581,41386432,41596552,44657324,46951775,48728837,51488427,50026967,60640913,63360310.34,66355274,68197955,68123237.67,69779346,72446421,74257326,75667645.03,76850596.72,23346254,24572955
Austria,AUT,"Air transport, passengers carried",IS.AIR.PSGR,,,,,,,,,,,511400,582100,706600,830900,840800,912100,1060800,1136600,1238900,1301600,1284500,1358100,1447600,1498400,1514000,1708000,1640400,1879700,1964600,2283800,2532100,2605700,3024200,3296900,3747900,4265400,4718600,5153900,5871500,6056600,6641875,6550376,7070344,6902780,7619372,8037890,8785116,9140909,9140680,8520740,13493793,14088251.66,14518841.05,15037454,15210489,14718641,14724774,16171640,12935505,46476602,13285414,18901048
Azerbaijan,AZE,"Air transport, passengers carried",IS.AIR.PSGR,,,,,,,,,,,,,,,,,,,,,,,,,,,,,,,,,1454900,1383400,1380000,1156000,1232900,981800,669400,571700,545800,543800,575300,683700,1007000,1134300,1253400,1440700,756338,839514,796698,1348414,1560084,1651710,1770192,1803112,1961639,2331308,2279546,2585280,545265,1102455
Burundi,BDI,"Air transport, passengers carried",IS.AIR.PSGR,,,,,,,,,,,,,,,,,4000,4500,5000,5500,11000,5000,5500,6000,8800,8600,5500,21000,11200,7800,8300,8300,8900,8900,8900,9400,9400,12000,12000,,,,,,,,,,,,,,,,,,,,,,,
Belgium,BEL,"Air transport, passengers carried",IS.AIR.PSGR,,,,,,,,,,,1366200,1402000,1457700,1562900,1606700,1585200,1682000,1839400,1976500,2042900,1974200,2053000,2000800,1956600,2031600,2188400,2233200,2362100,2604600,2812100,3132700,3018200,3146300,3650600,4192900,5000900,5173600,6872100,8748400,9965200,10738119,8489007,2341816,2904114,3264582,3340509,3641155,4078094,5878585,4858700,7528586.304,8638553.1,9508165.315,9521421,10535219,11473055,12545322,13676844,13639487,14279187,3520849.848,5404284.479
Benin,BEN,"Air transport, passengers carried",IS.AIR.PSGR,,,,,,,,,,,29500,31000,25900,28100,31500,35000,40400,45400,52200,57300,61100,74800,78300,79500,80400,86000,108400,104100,103700,74000,76300,66300,66300,68200,69200,74100,75100,85500,90500,83900,77273,46364,,,,,,,,,53012.81818,58314.1,58314.1,137640,60264,112392,899,,,,,
Burkina Faso,BFA,"Air transport, passengers carried",IS.AIR.PSGR,,,,,,,,,,,30100,31600,26500,28700,32500,36200,41900,47200,54700,59800,72800,75800,78200,93200,93400,100200,158400,126600,126200,131500,136600,126600,126600,128500,129500,137500,138400,96600,101600,147200,143529,100286,53236,54475,61364,66273,73131,77810,80543,79345,160000,133709.7792,125693.6964,138996,117420,122590,144950,145049,189545.3369,185841,70228,112940
Bangladesh,BGD,"Air transport, passengers carried",IS.AIR.PSGR,,,,,,,,,,,,,,490000,431400,490500,453300,470300,544200,624200,613700,591400,621500,623000,741800,845300,852400,861000,1004900,997400,1044100,1020800,1051500,1083100,1215900,1261400,1252000,1314700,1152500,1215400,1331369,1449980,1536102,1587606,1650276,1634473,1729451,1242865,1224222,1409414,1818901.019,2022388.572,2195061.68,2781708,3051914.733,3997815,3815869,4660739.038,5677396,6260241,2984121.694,3750753
Bulgaria,BGR,"Air transport, passengers carried",IS.AIR.PSGR,,,,,,,,,,,988900,985200,1025000,1085000,1130000,1150000,1370000,1400000,1500000,1755000,1787500,1787000,1675000,1790000,1950000,2090000,1965300,2095000,2163600,1997700,1907000,645700,814000,915800,789200,862700,718200,721700,827700,734700,535246,233963,62798,310952,476277,653703,808451,855229,1073496,798165,801840,932868,973062,1013220,1060147,1063498,1092333,1133069,1022645,832828,443067,41126
Bahrain,BHR,"Air transport, passengers carried",IS.AIR.PSGR,,,,,,,,,,,241000,280000,320000,350000,127500,173000,240100,299800,374500,456500,521500,577800,569800,601800,674200,717500,647400,621500,698400,752800,770900,875500,981100,1080000,1150600,1072500,1200300,1164600,1207000,1307000,1382461,1250076,1255713,1850491,2284547,,,,,5215512,6028980,5590998.041,5861786.999,4626648,5171496,5313756,5220218,5190484,5877003,6440562,1451359,1840268
"Bahamas, The",BHS,"Air transport, passengers carried",IS.AIR.PSGR,,,,,,,,,,,,,,,,232000,245000,252000,268000,314000,345000,740000,724000,699000,705900,860500,958200,995000,1066000,1150000,1090000,1090000,835000,862000,862000,936900,977500,703700,701000,1719400,1860623,1625689,1543274,1601347,900000,1020000,1033407,1089636,1088876,979042,967914,1056129.595,1048391.067,576996,991463.3289,900028,937476,921470,1830394.862,1856546,1272798.762,1065149.134
Bosnia and Herzegovina,BIH,"Air transport, passengers carried",IS.AIR.PSGR,,,,,,,,,,,,,,,,,,,,,,,,,,,,,,,,,,,,,,,49900,60100,69142,64993,65643,72864,,,,,56313,79977,56485.16182,40182.43977,24874.08963,15000,36636,7071,,,,5375,1593,
Belarus,BLR,"Air transport, passengers carried",IS.AIR.PSGR,,,,,,,,,,,,,,,,,,,,,,,,,,,,,,,,,,804900,804900,804900,843000,230900,225500,212300,210899,221714,204908,234273,274185,281877,307403,344290,351165,333252,652142,737599,943081,1159500,1317732,1489035,2057194,2493100,2760168,3208254,1227674,1040730
Belize,BLZ,"Air transport, passengers carried",IS.AIR.PSGR,,,,,,,,,,,,,,,,,,,,,,,,,,,,,,,,,,,,,,,,,,,,,,,,,,,143928,179471.4135,448015.914,513175.6,877765,935604,990499,1285642,1297533.223,1278187.556,971426.138,670361.821
Bermuda,BMU,"Air transport, passengers carried",IS.AIR.PSGR,,,,,,,,,,,,,,,,,,,,,,,,,,,,,,,,,,,,,,,,,,,,,,,,,,,,,,,,,,,,,,
Bolivia,BOL,"Air transport, passengers carried",IS.AIR.PSGR,,,,,,,,,,,244000,331100,379000,375700,475000,652500,744700,862300,1015600,1225500,1342000,1220300,1160100,1299000,1359500,1343300,1300700,1232600,1266700,1272600,1237600,1200000,1214400,1117000,1175200,1223700,1783500,2250800,2115500,1872600,1756608,1557128,1508700,1770774,1824313,1892343,1443165,1744663,1718196,1537032,1781340,2125912.527,2206069.761,2027888,3563043.583,4115271,3678739,4053427.35,4122113,4066959,2627202.201,4311879.56
Brazil,BRA,"Air transport, passengers carried",IS.AIR.PSGR,,,,,,,,,,,3339800,3911000,4671400,5842400,6855500,7772900,8799000,9514400,10621300,11856900,13008100,12594600,13168300,12605900,12948400,13402900,17194700,17068600,17010900,19410800,19149600,19153100,16388500,16535600,17898600,20196100,22011500,24307000,28091100,28205300,31287784,34285574,35889538,32372040,35263795,37661733,40945038,45286990,58763225,67945578,74627064,87860363,94752568,95591641,100403628,102039359,94142377,96395709,102109977,102917546,45405756,61896523
Barbados,BRB,"Air transport, passengers carried",IS.AIR.PSGR,,,,,,,,,,,,11500,19700,23700,25600,32600,33700,42300,50200,53900,45500,60800,43800,34500,55000,32400,52400,17000,0,0,0,0,,,,,,,,,,,,,,,,,,,,,,,,,,,,,,
Brunei Darussalam,BRN,"Air transport, passengers carried",IS.AIR.PSGR,,,,,,,,,,,,,,,,,,,,,,,,,184400,198900,206600,247000,279000,300000,307000,307000,410000,604100,769400,916200,856900,876800,876800,808000,863547,1007542,1035795,956133,1079578,977516,1041478,1017028,1075754,999375,1263270,1312935,1044170,1139784,1061148,1150003,1168609,1172201,1234455,1421313,280622,27881
Bhutan,BTN,"Air transport, passengers carried",IS.AIR.PSGR,,,,,,,,,,,,,,,,,,,,,,,,,,,,,8000,8000,8000,8000,8700,8700,8700,29700,35000,36100,36100,30700,34425,35114,40859,36365,45456,49092,51056,53609,52805,49056,181537.3717,226153.1266,193405,207996,302160,162864,224101,254643,275849,276092,48825,22380
Botswana,BWA,"Air transport, passengers carried",IS.AIR.PSGR,,,,,,,,,,,,,,,,,,,,10400,39000,50000,46700,50300,54500,58900,54000,60100,57700,82100,101300,102300,111200,122600,100500,99900,104000,116400,123700,144100,163909,169526,179041,188842,212951,229987,213587,227624,236182,233515,290195,415864.0844,415130.021,270996,205992,226549,254396,223673,253417,254439,,172017
Central African Republic,CAF,"Air transport, passengers carried",IS.AIR.PSGR,,,,,,,,,,,69500,71800,68900,74100,79500,88000,98400,103400,117200,122300,136100,129100,112300,114400,117700,123500,128400,122100,123700,128000,130300,120300,66300,68200,69200,74100,75100,85500,90500,83900,77273,46364,,,,,,,,,,,,,,,,,,,,
Canada,CAN,"Air transport, passengers carried",IS.AIR.PSGR,,,,,,,,,,,10180300,10247300,11628500,14626800,16367500,16712900,16833100,17466400,18472000,20846400,22453000,22097100,19653800,18107900,19382600,19688400,20378500,19946500,22379400,21273800,20601400,16586500,16818300,17516500,18104800,20291100,22856000,23981500,24653300,24602000,41767974,40451914,23323029,35884417,40701307,45229860,46726978,52103547,53718757,52583516,63277409.38,66078011.95,70467400.79,71526725.92,75528607,80228302,85406425,91404001,91504000,93352000,27620000,24951000
Central Europe and the Baltics,CEB,"Air transport, passengers carried",IS.AIR.PSGR,,,,,,,,,,,3799600,3806500,4411500,4884800,4862400,5252700,5839000,6213400,6626200,7313900,6945200,6431500,5223200,5941300,6658500,6989200,6920800,7246800,7416500,7661800,7188800,4707300,6010600,6537200,7385600,7324344.1,8216500,8745500,9570400,9991700,11117833,11445703,11808082,14065887,16768232,19040472,20221059,23721701,25261998,24733789,32710131.38,34477031.59,32490649.47,35246300.75,37875158.18,39811670,42884394,52125994,62622491,69934611.3,22490703.18,30389422
Switzerland,CHE,"Air transport, passengers carried",IS.AIR.PSGR,,,,,,,,,,,3397400,3926200,4054100,4514400,4575000,4691800,5084900,5437100,5686800,5887400,5930100,6220600,6252200,6266800,6254500,6506200,6707800,7213900,7483500,8229500,8603400,7973600,8255700,9152000,9338200,9859000,10468300,12481600,14298900,16209000,17268093,16914823,13295500,10118096,9287315,9662619,10647142,12298456,14352757,14701206,22146864,24866065,26386306.6,27503416,27923164,27011762,25859918,26732570,28857994,30339654,9009607.2,10988881.27
Channel Islands,CHI,"Air transport, passengers carried",IS.AIR.PSGR,,,,,,,,,,,,,,,,,,,,,,,,,,,,,,,,,,,,,,,,,,,,,,,,,,,,,,,,,,,,,,
Chile,CHL,"Air transport, passengers carried",IS.AIR.PSGR,,,,,,,,,,,574700,690600,730000,636200,505200,509700,489900,589400,552700,558900,668800,885700,822400,651900,730800,825200,875200,992400,1144100,1263800,1363600,1405900,1905800,2360000,2961700,3197200,3621900,4610000,5149800,5187700,5174876,5315623,4986727,5246787,5463753,5939020,6016649,7190963,8021939,8097314,9269026,10949863,12892856,13806283,14347893,15006762,16362437,17664974,19517185,21197759,8019753,10302876
China,CHN,"Air transport, passengers carried",IS.AIR.PSGR,,,,,,,,,,,,,,,710000,1000000,1050000,1110000,1540000,2519000,2568000,3236000,3942000,3836000,5000000,7300000,10000000,12500000,17000000,11080000,16596100,19520000,27345000,31312500,37601000,47564500,51770100,52277000,53234000,55853100,61891807,72660653,83671798,86040642,119789024,136721623,158013351,183613132,191001220,229062099,266293020,292160158,318475924,352795296,390878784,436183969,487960477,551234509,611439830,659629070,417255845,440301216
Cote d'Ivoire,CIV,"Air transport, passengers carried",IS.AIR.PSGR,,,,,,,,,,,108700,51000,47900,51600,56500,95000,113700,120400,132200,137300,151100,379100,382300,388500,397700,182700,184900,183400,190700,218200,200200,177700,195100,186200,156900,174700,178700,157600,162400,259600,107979,46364,,,,,,,,,516085,89791.86777,39485.4722,234996,237120,642893,667062,808471,825257,748540,322841,569309
Cameroon,CMR,"Air transport, passengers carried",IS.AIR.PSGR,,,,,,,,,,,65800,108500,130000,211300,228200,239000,296900,346700,392700,402500,480000,485500,634000,631000,676500,718000,536100,561000,582000,403400,284200,356600,363100,274800,295000,345000,361800,279000,277900,292600,273000,324114,243122,315100,355610,384059,424794,453051,470598,466050,0,171007.2,248027.2,287208,275760,267208,343592,236000,265136,83882,40884,177992
"Congo, Dem. Rep.",COD,"Air transport, passengers carried",IS.AIR.PSGR,,,,,,,,,,,305000,325900,327800,363700,464100,445000,462800,488100,569900,577700,439200,492600,377700,330700,338000,131500,168900,200800,216200,202600,206700,150400,116400,83700,177600,,,,,,,95200,,,,,,,,,210913,252408.1796,471536.2046,456000,456228,476353,416033,959738,587653.0308,550457.8926,277588.159,392102.214
"Congo, Rep.",COG,"Air transport, passengers carried",IS.AIR.PSGR,,,,,,,,,,,55800,58600,54900,58600,63500,69000,77400,85400,102200,113300,117100,154100,158300,216900,227700,248500,248400,220100,219700,233800,238900,228900,228900,230800,231800,266900,252900,244500,240900,132200,127541,95188,46967,52268,,,,,,,341640.4292,438178.4704,703966.4211,652452,553944,657927,577780,333899,508978.9399,541787.1369,79620,157784
Colombia,COL,"Air transport, passengers carried",IS.AIR.PSGR,,,,,,,,,,,3010200,2959700,2963600,3147300,3118000,3376100,3730000,4117300,4747100,5052400,4808200,4570100,6701500,6583900,5737400,5737300,5731300,5598500,5460000,5565100,5266700,5539900,6232100,6930200,7686500,7863300,8342100,9188900,9289700,8619200,8568734,9604390,9424850,9142585,8829094,9984424,10616356,11630594,12338706,12115330,16932435,18768534.77,22012458.84,26929238,28675159,30909723,32262658,32504898,33704037,37031843,12273939.72,26167360
Comoros,COM,"Air transport, passengers carried",IS.AIR.PSGR,,,,,,,,,,,,,,,,,,,,,,,,,27000,32800,25900,25900,25900,26000,26000,26000,26000,26000,26000,27300,27300,,,,,,,,,,,,,,,,,,,,,,,,,
Cabo Verde,CPV,"Air transport, passengers carried",IS.AIR.PSGR,,,,,,,,,,,,,,,,,53000,55000,60000,65000,75000,103100,104000,122200,127000,128200,150000,174000,176200,176700,176900,96000,100000,100000,118300,124200,129200,237000,236100,252300,263547,242799,236577,252751,560000,690000,753511,793153,807957,776469,570553,620394.7511,597982.6004,600000,590304,548908,565810,336718,561944,675482,226645.666,76354.068
Costa Rica,CRI,"Air transport, passengers carried",IS.AIR.PSGR,,,,,,,,,,,255900,280400,307300,314400,374300,371800,390500,326800,321300,366000,431200,427600,458600,379600,322500,310000,334700,347600,400600,440800,467000,507600,622800,690300,773200,870400,917900,991500,1169500,1055300,877833,737895,675146,749885,901402,953217,943143,1017054,1023665,932581,1697893.889,1829514.947,1770111.378,1498996,1427414,1525922,1572605,1822880,1950049,2033146,455830.6,669298
Caribbean small states,CSS,"Air transport, passengers carried",IS.AIR.PSGR,,,,,,,,,,,,,,,,883600,1038500,965400,893300,1201000,1439200,2716800,2725300,2662200,2795900,2904400,3164700,3145200,3332300,3475900,3408600,3567200,3340800,3417300,3768300,3996800,3293400,3166000,3153800,4580300,4847067,4633096,,,,,,,,,4996231,5829441.176,5920044.896,5429227.6,6086628.329,,,,6464701.242,6509960.551,3161894.9,2455984.955
Cuba,CUB,"Air transport, passengers carried",IS.AIR.PSGR,,,,,,,,,,,873500,979200,988300,805500,689200,711100,716600,634800,725500,819400,675600,650700,135000,839400,839100,894400,913200,889000,963900,989800,1137500,830600,733000,624100,730900,823700,928700,1117000,1138400,1259000,1007193,882309,588700,610957,743256,812781,811559,857213,861352,780484,1578011.789,1478595.959,1313502.684,1395072,1135200,1294458,1333078,942785,563540,457130,99838,22359
Curacao,CUW,"Air transport, passengers carried",IS.AIR.PSGR,,,,,,,,,,,,,,,,,,,,,,,,,,,,,,,,,,,,,,,,,,,,,,,,,,,,,,,,,,,,,,
Cayman Islands,CYM,"Air transport, passengers carried",IS.AIR.PSGR,,,,,,,,,,,,,,,,,,,,,,,,,,,,,,,,,,,,,,,,,,,,,,,,,,,,,,,,,,,,,,
Cyprus,CYP,"Air transport, passengers carried",IS.AIR.PSGR,,,,,,,,,,,106500,150200,201000,233100,125700,135800,225300,266300,315300,387500,440800,455000,454300,485300,563000,613400,620500,683700,696900,747700,813700,819700,946800,1011000,1233900,1218900,1214100,1278100,1346400,1336700,1396076,1503427,1704780,1882981,2013254,1920516,1944138,2071648,2111205,1943949,1583627,1263117,1285976,1211208,688368,23405,224653,711554,401408,395436,104559,103016
Czechia,CZE,"Air transport, passengers carried",IS.AIR.PSGR,,,,,,,,,,,1171900,1092500,1364400,1367000,1514700,1621000,1656800,1538100,1680300,1758600,1460800,955000,852600,908400,910700,980300,991000,1069600,1153800,1168800,1095700,837400,973800,1024900,1071600,1284600,1393600,1447800,1600800,1852600,2229216,2565808,2808793,3391474,4219478,4706226,4921600,4869586,4974879,5048360,5145187,4902816,3594882,5186676,5009995,3378028,4048658,5450671,8851291,5446163.2,929888.181,1418032
Germany,DEU,"Air transport, passengers carried",IS.AIR.PSGR,,,,,,,,,,,6498000,7029200,7919100,7371300,8886900,9369200,10418600,10907500,11709800,12843900,13046400,12964400,12755000,13099900,14051800,14551300,15174000,17011400,17894900,19056900,22146900,24829500,27577800,29362600,32465300,34680100,40118400,45804500,49279800,54652800,57962865,56389365,61889678,72693124,82099657,90788848,99647314,106101747,107941584,103396735,97330734.28,107042775.8,105978474.5,109062321.5,112353098.6,117222850,116713587,114160685,109796202.2,109633750.7,25758450,33073180
Djibouti,DJI,"Air transport, passengers carried",IS.AIR.PSGR,,,,,,,,,,,,,,,,,,,28000,29000,62500,88700,93000,110000,115000,119000,117000,124400,124900,130000,130500,130500,,,,,,,,,,,,,,,,,,,,,,,,,,,,,,
Dominica,DMA,"Air transport, passengers carried",IS.AIR.PSGR,,,,,,,,,,,,,,,,,,,,,,,,,,,,,,,,,,,,,,,,,,,,,,,,,,,,,,,,,,,,,,
Denmark,DNK,"Air transport, passengers carried",IS.AIR.PSGR,,,,,,,,,,,1775300,2056800,2284900,2409000,2401900,2518100,2795700,2946800,3117200,3556200,3329700,3065000,3536900,3947700,3229200,3494000,3834000,4148100,4376700,4720600,4840300,4582000,4826800,5077900,5381000,5689300,5892000,6236400,5946600,5767700,5922623,6382092,6322432,5886037,6428701,,,,,,,,,,,,,,,,,
Dominican Republic,DOM,"Air transport, passengers carried",IS.AIR.PSGR,,,,,,,,,,,128800,182700,191500,150000,160000,302100,359300,424800,429600,454600,466300,440300,413900,446700,605000,733600,614500,298700,350500,479500,718000,264200,322900,327900,300200,67400,29500,33600,33500,10400,,,,,,,,,,,19167,28232.1,28442.05,20004,16128,14463,11903,,,113752,31391,69447
Algeria,DZA,"Air transport, passengers carried",IS.AIR.PSGR,,,,,,,,,,,563200,714800,843900,1053600,1252100,1618000,1681600,1997100,2229000,2663400,2950000,3000000,3150000,3410500,3781000,3965900,3689900,3566900,3655000,3862300,3748000,3385000,3551100,3254500,3241000,3477800,3494100,3517700,3381800,2936800,2997480,3419249,3002232,3292815,3236364,3037298,2899722,2813018,2884506,4370917,3372283,3543663,4082595,4492436.963,5021288.963,5400896,6093416,6230157,6442442,6752002,1460077,1949936
East Asia & Pacific (excluding high income),EAP,"Air transport, passengers carried",IS.AIR.PSGR,,,,,,,,,,,,,,,10458800,11774800,12545500,13571100,15667800,17767700,19463300,22763000,23994200,24162000,27209100,30078100,34762200,40027200,47778100,44109000,52224800,57949100,69094200,77190600,88857400,104320600,110862300,107721300,106380600,105525000,117475001,131899488,144954360,145986148,202945818,220887277,244449016,277768225,287719256,326293542,430814825.8,482470567.1,526045298.4,579794849.8,640165915.1,708798867,790494215,881698293,964324620.1,1003476407,545598407.5,516080253.8
Early-demographic dividend,EAR,"Air transport, passengers carried",IS.AIR.PSGR,,,,,,,,,,,23504800,24773900,28315800,32223400,35817700,42393800,50085900,57485600,64497000,72296400,77945100,81825400,84299300,88030100,94420700,95843400,97108600,102698800,106126700,110458200,109133700,105647800,118459100,121137600,131391900,134162100,139817900,146347300,144205700,142004200,149713878,160513615,149570435,160293889,190654278,202084384,224730790,245988633,244712190,259076645,370779756.7,411779408.1,443984379.7,473370786.9,518240248.9,566264222,621441555,679891167.7,741133708.2,734632530.4,289010892,373606823.4
East Asia & Pacific,EAS,"Air transport, passengers carried",IS.AIR.PSGR,,,,,,,,,,,,,,,55002800,57020100,60206300,69217300,77737300,87068700,89147600,95951900,95443200,95932600,104993100,111257200,119684900,133303700,149927400,154389196,174905500,188860300,208797800,221775804,243006604,273666300,292148204,298428300,300493300,312218196,337766614,351529526,374787907,366358229,429868117,454655578,486160240,523755806,535907588,555699740,726070353.1,769209920.7,809282604.5,893899315.8,965572758.2,1052102292,1155866926,1266613885,1363722227,1415410517,673223023,632631258.5
Europe & Central Asia (excluding high income),ECA,"Air transport, passengers carried",IS.AIR.PSGR,,,,,,,,,,,,,,,,,,,,,,,,,,,,,,,,,21196700,14961000,15269400,16632800,16447200,16265400,16922800,16636900,19131881,18955710,19211823,20432324,25379444,28757480,31745191,35049600,39056225,44437712,61394191.99,72357640.5,83343593.43,96541595.81,105754634,119184129,125119242,137449544,146715960.5,144851367.3,57405263.21,88476243.26
Europe & Central Asia,ECS,"Air transport, passengers carried",IS.AIR.PSGR,,,,,,,,,,,,,,,,,,,,,,,,,,,,,,,,342307200,313517500,290815100,302847300,318012844.1,339543200,361142200,368219300,398388896,428305223,427544242,426545437,460194210,506766844,518261374,559653407,607952555,623643998,615350087,712998068.3,774999479.9,799109209.9,830731466.9,880915331.6,945271489,997402946,1067441656,1137091439,1181479874,384036439.6,524360548.5
Ecuador,ECU,"Air transport, passengers carried",IS.AIR.PSGR,,,,,,,,,,,419500,457500,437800,380200,362200,448100,463300,528600,593300,632900,701000,691700,676300,618000,634000,664200,697200,692000,683700,741800,762500,752300,1473900,2122400,2118700,1670900,1925200,1790600,1918800,1386700,1318518,1284922,1184098,1521249,1828303,2011004,2110423,2630759,2926821,2896528,4818305,4714115,4758406.307,5157521,5675088,5677816,5099726,5121235,5365261,4827978,1146368.544,1534854
"Egypt, Arab Rep.",EGY,"Air transport, passengers carried",IS.AIR.PSGR,,,,,,,,,,,542500,515400,623100,656300,837000,916900,1112700,1282400,1426300,1689800,2027700,2232600,2433200,2617700,2786200,2786200,2350100,2891200,3192100,3418600,3239200,2595400,3608600,2880500,3537500,3897200,4282400,4416300,3894900,4620100,4521702,4389163,4526688,4180814,4621310,4888146,4988262,5829044,6688999,6215870,9518106.013,7708160.107,9081175.146,10593780.18,10278013.11,11109554,11844962,11748510,12386010,13206889.61,4638192.256,5563387
Euro area,EMU,"Air transport, passengers carried",IS.AIR.PSGR,,,,,,,,,,,39643000,43871800,48582800,52394200,54363300,56735600,61089600,66529900,72757200,76943200,78070300,80934800,83756300,85330500,89014400,94216800,94997000,105072500,114465600,124135000,134459400,131525300,144703800,149754800,160555900,171989144.1,191163800,210769200,219943000,239853500,260651401,258252629,259641964,289864210,317642184,346114957,376747784,409514461,410733285,403561685,416465001.1,441148081.7,439748948.5,442802171.3,460185936,496898700,529564099,560783691,584797943.3,639868656.2,190032931.8,252461520.3
Eritrea,ERI,"Air transport, passengers carried",IS.AIR.PSGR,,,,,,,,,,,,,,,,,,,,,,,,,,,,,,,,,,,,,,,,,,,,,,,,,,,,,,,,53074,66927,102729,89136.81591,101357.3759,45104.031,
Spain,ESP,"Air transport, passengers carried",IS.AIR.PSGR,,,,,,,,,,,6347400,7505400,8654900,9964000,10198100,10959100,11801100,13328200,15369000,15683000,15089000,14601800,14637600,14538000,14283900,14850700,15403500,16553300,18983200,20270300,21652000,20944600,23385800,22279400,22361300,25765700,27759200,30315700,31594100,33559400,39711776,41469789,40380629,42506835,45539952,49855007,53122464,60664991,55213716,49289158,52847712.61,52736140.93,48089178.33,48056735.82,53069339,60564041,66674868,71598374,80706703,88237165.27,26557078,43440479.73
Estonia,EST,"Air transport, passengers carried",IS.AIR.PSGR,,,,,,,,,,,,,,,,,,,,,,,,,,,,,,,,,146300,127700,157300,168600,149400,230500,297400,302000,277595,277768,304135,395485,509556,577808,598123,651323,685582,395532,582320.2028,614933,914519,627588,602880,512389,372274,13103,62802,857,,
Ethiopia,ETH,"Air transport, passengers carried",IS.AIR.PSGR,,,,,,,,,,,231600,263100,288500,309200,268700,244300,288000,226100,185800,197400,242900,327600,335300,357500,398800,471200,527500,594100,592600,650800,620300,635600,756400,752000,716400,749900,743000,772300,789900,861400,944595,1027528,1103184,1117329,1403293,1667316,1720306,2290179,2715017,2914056,3347022,4440917.691,5001121.865,5671501,6274582,7074779,8242114,9566378,11501244,12631216,4940183,7065954
European Union,EUU,"Air transport, passengers carried",IS.AIR.PSGR,,,,,,,,,,,47767900,52648900,58293200,62913900,64977900,67971100,73633200,79541900,86861500,93006700,93554600,96063300,98607500,101810300,106237300,112309600,114465700,125896200,136470700,147372400,157891000,150528000,164292000,169958600,182625300,193536844.1,213329200,235129900,245065100,266190600,288449342,286388891,287161373,317807082,347767674,359471494,390742949,425646377,427781328,419908189,483874507.2,515081475.3,514301801,522944433.1,548633990.8,588104162,620961607,657059035,691558405.3,752764694,224581685.8,300510412.9
Fragile and conflict affected situations,FCS,"Air transport, passengers carried",IS.AIR.PSGR,,,,,,,,,,,4293500,4830800,5380800,6018800,6572200,7788200,9502900,10807400,11927200,13205700,14837000,15712200,16017600,16043200,14980500,15874800,16257900,16423100,18809400,19924600,17110900,16253700,21066700,16134800,14243900,13230400,13385700,13161200,12828900,13668700,13644350,18495379,16191622,13756737,16934120,17404468,19959287,20199039,22723429,22127432,33183814.05,39379075.23,38732387.24,38896500.17,40338413.27,39233518,39962744,41551466.05,48929733.44,48048009,18073886.22,25439426.87
Finland,FIN,"Air transport, passengers carried",IS.AIR.PSGR,,,,,,,,,,,1279500,1394800,1535800,1697500,1884600,2048300,2040400,1836300,1993400,2345800,2512200,2751100,2815100,2797300,2991300,3153300,2987800,3626100,4009900,4299500,4450200,3998700,3898400,3947500,4492000,5211900,5597500,6002300,6771100,6241600,6828143,6697556,6415606,6183906,7049416,7075195,7597125,8288683,7916485,7423265,8685772.868,9508050,10731828.49,10467321,10992792,13035848,13754228,12209646,13364839,14610547,3500299,2805555
Fiji,FJI,"Air transport, passengers carried",IS.AIR.PSGR,,,,,,,,,,,,,,257100,296200,300000,313000,305000,280000,310000,322000,319300,330000,309300,324800,320200,313400,309700,382000,458800,433400,413700,426000,424200,464600,494500,479600,516900,516200,549800,586043,612727,715000,972000,836719,870571,932394,960546,946138,1146591,1259009,1276205.48,1225268.562,1161936,1243824,1336976,1402765,1557876,1670216,1700293,409104,133708
France,FRA,"Air transport, passengers carried",IS.AIR.PSGR,,,,,,,,,,,9108000,9569200,11285100,11957500,12159300,13112800,14301900,15431300,16821200,17967000,19521000,21591200,22372400,23278100,23694300,24491900,25211400,27950200,30667300,33975500,35963900,33127800,33963900,35625600,38170400,36020400,41252600,43400700,42232400,49536300,52581312,50476541,49305864,47258820,48543473,52477178,59537872,61551258,61214656,58318312,60864422.11,64185339.34,64683769.02,63925151,63434263,65039503,65362743,68316473,70188028,71289277,24956343,32000528
Faroe Islands,FRO,"Air transport, passengers carried",IS.AIR.PSGR,,,,,,,,,,,,,,,,,,,,,,,,,,,,,,,,,,,,,,,,,,,,,,,,,,,,,,,,,,,,,,
"Micronesia, Fed. Sts.",FSM,"Air transport, passengers carried",IS.AIR.PSGR,,,,,,,,,,,,,,,,,,,,,,,,,,,,,,,,,,,,,,,,,,,,,,,,,,,,,,,,,,,,,,
Gabon,GAB,"Air transport, passengers carried",IS.AIR.PSGR,,,,,,,,,,,120200,125500,122800,130300,136200,139700,190400,176700,170000,175000,331100,340000,421000,428300,436100,456000,459500,393100,382800,406700,398300,436000,471400,302300,505200,508200,431300,468500,466700,423100,446688,373904,365877,385529,430873,465343,508368,535324,545640,524867,243635.529,121233.3957,42729.31947,0,,137331,77320,,,,,
United Kingdom,GBR,"Air transport, passengers carried",IS.AIR.PSGR,,,,,,,,,,,15568800,15796000,17308500,18959700,18062600,18074900,19472900,19484500,23186100,25312100,25551200,24578700,23872500,23376200,25825700,28229400,29373100,33705300,37573100,46354400,47113600,42861200,47819400,50187900,55475500,59688800,64208500,62763200,61940200,65738296,70436030,70331725,72381196,76388660,86054762,93602879,97544631,101622807,104713553,102464509,101515720.2,111598546.1,115419920.6,118605866,124901676.1,131512994,143781714,151159067,165388610,142392528,30237827,26631932
Georgia,GEO,"Air transport, passengers carried",IS.AIR.PSGR,,,,,,,,,,,,,,,,,,,,,,,,,,,,,,,,,,,169600,176900,152400,110500,110100,158600,117521,110800,246609,303802,228560,249131,271553,304139,310222,294400,164446,222630,178363,189316,196589,232263,220448,341751,516034,509913,72906,84591
Ghana,GHA,"Air transport, passengers carried",IS.AIR.PSGR,,,,,,,,,,,116700,135600,131700,135600,148200,153800,233500,248800,309700,330400,279000,288800,230000,271400,261000,252600,247900,224400,247800,231900,188100,191700,206000,152400,182500,185900,197200,210600,209800,304100,314335,301135,255630,241111,96444,,,,,,169030.9496,491583.0344,691271.9614,396372,407544,390457,359516,681691,467624,597343,321437,559393
Gibraltar,GIB,"Air transport, passengers carried",IS.AIR.PSGR,,,,,,,,,,,,,,,,,,,,,,,,,,,,,,,,,,,,,,,,,,,,,,,,,,,,,,,,,,,,,,
Guinea,GIN,"Air transport, passengers carried",IS.AIR.PSGR,,,,,,,,,,,48900,49000,51000,54500,56900,65000,65000,66000,71000,72000,80000,128000,131000,129200,132000,136000,25700,30400,26600,39700,41300,42200,23300,24200,45000,35000,36300,36300,36100,58500,,,,,,,,,,,,,,,,,,,,,,
"Gambia, The",GMB,"Air transport, passengers carried",IS.AIR.PSGR,,,,,,,,,,,,,,,,,,,,,,,,,,,,,,,,,,,,,,,,,,,,,,,,,,,0,0,11284,146784,151776,3036,44330,53735,104891.3948,109542.1451,,
Guinea-Bissau,GNB,"Air transport, passengers carried",IS.AIR.PSGR,,,,,,,,,,,,,,,,,,,20000,20000,22200,22200,20600,21000,21900,22500,19500,20500,20500,20500,20500,20500,20500,20500,20500,20500,20500,20500,20400,,,,,,,,,,,,,,,,,,,,,,,
Equatorial Guinea,GNQ,"Air transport, passengers carried",IS.AIR.PSGR,,,,,,,,,,,,8500,9000,9500,10000,10500,11000,12000,12000,13000,13300,13300,13300,13300,13400,13700,13700,13700,27600,14000,14000,14000,14000,14000,14000,14700,14700,20900,20800,,,,,,,,,,,,25969.38236,130197.6,316620.85,401712,303024,400758,458222,496322,404301.328,425475,138898,31268
Greece,GRC,"Air transport, passengers carried",IS.AIR.PSGR,,,,,,,,,,,1614700,2021400,2412600,2802600,2304600,2832600,3541000,3883900,4670500,5021100,4891300,4900700,5633900,5811800,6878400,7456600,6479500,6567600,6659700,6632000,6134600,4937000,5465500,5478100,5812900,6006000,6396000,7060800,6403400,6590700,7937434,8430333,7579225,7518932,9276954,9452219,9481314,10206223,9442743,8795133,10352657.53,9569211.419,8785275.456,8761116,11152236,11237054,12689082,13852857,15125933.52,16124738.33,5647917,8726345
Grenada,GRD,"Air transport, passengers carried",IS.AIR.PSGR,,,,,,,,,,,,,,,,,,,,,,,,,,,,,,,,,,,,,,,,,,,,,,,,,,,,,,,,,,,,,,
Greenland,GRL,"Air transport, passengers carried",IS.AIR.PSGR,,,,,,,,,,,,,,,,,,,,,,,,,,,,,,,,,,,,,,,,,,,,,,,,,,,,,,,,,,,,,,
Guatemala,GTM,"Air transport, passengers carried",IS.AIR.PSGR,,,,,,,,,,,112500,101100,98000,43000,88800,113500,119000,137800,136300,156300,118900,124400,114600,99500,124000,108400,103100,114800,98900,110200,156000,165000,230000,240000,252000,300000,300000,508400,506400,,,,,,,,,,,,313892,326146.2062,288013.9008,78264,69768,93129,111830,155524,145795,107350,25217.454,1766.181
Guam,GUM,"Air transport, passengers carried",IS.AIR.PSGR,,,,,,,,,,,,,,,,,,,,,,,,,,,,,,,,,,,,,,,,,,,,,,,,,1255510,1172372,,,,,,,,,,,,
Guyana,GUY,"Air transport, passengers carried",IS.AIR.PSGR,,,,,,,,,,,17800,18700,19000,20000,22000,24000,26000,27000,27000,27500,27500,81500,93000,93000,100000,104000,122500,128500,135200,143000,145700,111900,115300,115300,115300,121100,126000,126000,125500,70400,73256,47800,,,,,,,,,273160,340267.6232,247780.3477,0,0,,,,26069,28697,17990,7512
High income,HIC,"Air transport, passengers carried",IS.AIR.PSGR,,,,,,,,,,,274021792,293632104,323380508,352653400,365527500,368379000,399004296,433210192,486896804,548431700,535021888,527699200,536681908,563665396,604357588,649375704,700019896,753101504,791975912,819231600,854489516,962590704,943705492,938427016,1008489904,1059026140,1134170504,1187713892,1197655880,1291119300,1382934485,1337346895,1308320075,1337835813,1486852128,1531848259,1587174681,1665148129,1639491738,1627825313,1850477782,1919235820,1958181258,2030135809,2122272921,2248007510,2366901655,2483414750,2607490600,2717436455,930341104.7,1346415630
"Hong Kong SAR, China",HKG,"Air transport, passengers carried",IS.AIR.PSGR,,,,,,,,,,,,,,,,,,,,,,,,,,,,,,,,,,,,,,5957200,12254000,12592600,14377973,14064286,15636216,13024791,17892816,20229512,21796158,24133664,25401266,23973030,28347688,30293677,32247332.08,34644497,37933773,41867157,43683583,45580297,47101822,46469864,5878548,777197
Honduras,HND,"Air transport, passengers carried",IS.AIR.PSGR,,,,,,,,,,,295600,269900,240600,280400,315800,298600,288700,324400,359800,414200,507800,410600,377000,435900,439500,451000,319600,425500,482300,573900,609700,447300,437500,602200,,,,,,,,,,,,,,,,,501520,423655.3256,422016.8876,372972,239124,276689,275587,248964,411989,321243,,271314
Heavily indebted poor countries (HIPC),HPC,"Air transport, passengers carried",IS.AIR.PSGR,,,,,,,,,,,3070800,3354500,3415000,3636500,4026800,4387200,5101500,5193400,5664300,6468300,6969100,7255200,7394400,7618200,7991800,7460400,7178000,7293000,7551600,7301700,7434000,6618700,6719700,6433300,6139600,6114500,6751600,6925200,6968200,6849500,6492929,5967306,,,,,,,,,14165092.23,17296028.46,18073364.03,18079383.82,19361000.32,20661772,20915140,23844385.43,26411525.91,27353506.87,12330289.39,19149959.03
Croatia,HRV,"Air transport, passengers carried",IS.AIR.PSGR,,,,,,,,,,,,,,,,,,,,,,,,,,,,,,,,113400,215100,432200,624000,644.1,727200,767200,920000,926000,1072000,1245000,1356000,1582000,1743000,2099000,2148000,1545318,1752603,1679197,1577226,1812519,1872799,1716702,1756070,1782666,1875433,2057804,2093577,2108591,608458,767762
Haiti,HTI,"Air transport, passengers carried",IS.AIR.PSGR,,,,,,,,,,,10400,10600,11000,11500,0,0,0,0,0,0,0,0,0,0,0,0,0,0,0,0,0,0,,,,,,,,,,,,,,,,,,,,,,,,,,,,,23119,23119
Hungary,HUN,"Air transport, passengers carried",IS.AIR.PSGR,,,,,,,,,,,282300,268200,266300,330000,456500,414100,427200,555000,659000,830200,874300,1017000,1020700,957300,1038500,1116100,1150600,1231400,1176400,1316300,1363100,910700,1029100,1216900,1325400,1310900,1563400,1634700,1749200,1943500,2197521,2023385,2098760,2260849,2546234,2735214,2591666,3133574,3111575,2952885,12477063.18,13729553.53,12289555.08,13926540,16482060,20043787,21399963,26066294,31226848,39803373,14597294,20127200
IBRD only,IBD,"Air transport, passengers carried",IS.AIR.PSGR,,,,,,,,,,,,,,,52256400,59986400,67639700,74606100,82259300,92654000,98295300,103937600,107839700,110636700,117521000,123016500,131997800,141498500,150844100,153408100,158485200,287136700,248061600,226607300,241517000,259045344.1,268001900,277356500,275235900,280152600,299999947,329558482,332945411,344238460,418548570,454613218,503025441,567811264,599047740,651945668,847130576.4,944928973.2,1025438937,1118305418,1217785695,1336122124,1454514951,1612997443,1761801271,1827957940,888849229.4,1016713783
IDA & IBRD total,IBT,"Air transport, passengers carried",IS.AIR.PSGR,,,,,,,,,,,,,,,59704400,68627800,78144400,85608500,94605300,106205500,113491300,120427500,124759200,128064000,135574400,141593700,150467600,159913300,170496100,172706400,178700100,306448300,271850700,249315900,264620500,281495744.1,290119200,300379900,298474600,303852900,323854019,353461238,354836889,366713422,444743421,482971713,533670988,599627079,631333677,683927328,891956142.2,997808123.8,1080347427,1174597729,1276673084,1396421827,1517531639,1680834868,1840061201,1904674596,921825835.9,1057614059
IDA total,IDA,"Air transport, passengers carried",IS.AIR.PSGR,,,,,,,,,,,5689700,5878600,5692700,7016200,7448000,8641400,10504700,11002400,12346000,13551500,15196000,16489900,16919500,17427300,18053400,18577200,18469800,18414800,19652000,19298300,20214900,19311600,23789100,22708600,23103500,22450400,22117300,23023400,23238700,23700300,23854072,23902756,21891478,22474962,26194851,28358495,30645547,31815815,32285937,31981660,44825565.78,52879150.54,54908489.09,56292311.39,58887388.99,60299703,63016688,67837424.63,78259930.4,76716656.15,32976606.52,40900276.11
IDA blend,IDB,"Air transport, passengers carried",IS.AIR.PSGR,,,,,,,,,,,2178100,2010100,1676600,2392700,2519200,3475700,4521100,5055400,6095500,6508600,7651300,8508300,8607500,8909600,9124100,9872100,9698400,9567100,9749600,9839300,9990900,10021000,14206200,12073300,12567700,12060300,11215900,12261200,12077000,12871300,12488694,13226141,10630205,10928146,12260903,13497275,14947598,15305440,15704907,15268647,21649001.43,24341190.69,25391549.22,25101613.69,25549960.34,26835661,27887751,26732821,31196191.28,31409370.35,13485781.73,16820671.41
Indonesia,IDN,"Air transport, passengers carried",IS.AIR.PSGR,,,,,,,,,,,826400,994500,1286800,1787400,2219700,2527500,3103200,3781300,4431100,4656100,5059100,6098100,6028700,5567500,6494300,6468100,7115400,7568900,8823700,8983400,9223100,10401800,11176800,12009000,13924500,15977200,17138800,12650200,12613600,8046800,9916365,12453812,12113452,12221066,26780550,26835524,29867483,30405918,29766093,27421235,59384361.61,70912258.11,79405799.81,81721356,85215879.51,90095131,99274010,108393123,115154100.9,91323153,37523686.82,33549828
IDA only,IDX,"Air transport, passengers carried",IS.AIR.PSGR,,,,,,,,,,,3511600,3868500,4016100,4623500,4928800,5165700,5983600,5947000,6250500,7042900,7544700,7981600,8312000,8517700,8929300,8705100,8771400,8847700,9902400,9459000,10224000,9290600,9582900,10635300,10535800,10390100,10901400,10762200,11161700,10829000,11365378,10676615,11261273,11546816,13933948,14861220,15697949,16510375,16581030,16713013,23176564.35,28537959.85,29516939.87,31190697.7,33337428.64,33464042,35128937,41104603.63,47063739.12,45307285.8,19490824.79,24079604.7
Isle of Man,IMN,"Air transport, passengers carried",IS.AIR.PSGR,,,,,,,,,,,,,,,,,,,,,,,,,,,,,,,,,,,,,,,,,,,,,,,,,,,,,,,,,,,,,,
India,IND,"Air transport, passengers carried",IS.AIR.PSGR,,,,,,,,,,,2671600,2554000,3285800,3391600,3037300,3839900,4534000,5147500,6099600,6546800,6603100,7574500,8391700,9164800,10125700,10993800,11785200,12668600,12863100,12740100,10862200,10717400,11127100,9441600,11518400,14260600,13394600,16039800,16521000,16005400,17299483,16862737,17633019,19455085,23934074,27879461,40288794,51897450,49877935,54446373,64374253.8,73996912,72151828.89,75589071,82718882.88,98927860,119577835,139752424,164035637.5,167499116,68959633,83964797
Not classified,INX,"Air transport, passengers carried",IS.AIR.PSGR,,,,,,,,,,,,,,,,,,,,,,,,,,,,,,,,,,,,,,,,,,,,,,,,,,,,,,,,,,,,,,
Ireland,IRL,"Air transport, passengers carried",IS.AIR.PSGR,,,,,,,,,,,1476300,1544200,1408800,1496300,1474600,1475700,1578100,1675600,1781300,2022500,1830200,1978600,1949100,1780800,1838500,1828800,1972000,2279000,3675600,4376300,4812300,4764600,5006000,4650400,4825700,6586500,7676800,8963700,10401200,11948800,13983022,15450847,19728801,28863657,34748853,42872544,50737809,60099058,69447262,77747207,84784226,89956333.51,92637189.19,93408036,98449140,115928738,134065078,153944513,167598633,170161848,54582262,74065210
"Iran, Islamic Rep.",IRN,"Air transport, passengers carried",IS.AIR.PSGR,,,,,,,,,,,715600,761400,894800,1141600,1361900,1949400,2499100,3005400,3333500,2168700,1998100,1539700,2127800,3190900,4087800,3422000,4670600,4846900,4486800,4882600,5632600,5537500,4895600,5351800,5803500,6290600,7609600,9804100,9200400,8277300,8722145,16485326,9891522,16301238,11877705,12708354,13623038,13915755,12029236,13052716,18760850.38,19113946.16,17687478.52,16580818.01,16825260.83,13873256,17084581,26858178.78,23029380,21641449.39,12744853.78,13695897.02
Iraq,IRQ,"Air transport, passengers carried",IS.AIR.PSGR,,,,,,,,,,,197700,235600,186200,208800,290900,387600,568000,672400,675300,687800,619900,457000,480600,454000,435000,540000,535000,535000,1113000,1160800,701600,27700,53000,,31500,,,,,,,,,,,,,,,,641129,761778.1744,784944.253,476484,476484,2142554,2019816,1591490.01,4812610,5434292,764661,1620013
Iceland,ISL,"Air transport, passengers carried",IS.AIR.PSGR,,,,,,,,,,,457900,494100,545800,592800,611200,590200,601500,645000,688000,694000,541500,522100,574300,601400,710100,778000,808400,910100,844700,735900,759500,772600,767100,801000,1031200,1097000,1239100,1334400,1592700,1350200,1431818,1357946,1198920,1133775,1332811,1528929,1536157,1720496,1423422,1364651,1851416.842,2150527,2400160,2602714,3035882.779,4134980,5710834,7242611,7819740.56,4656017,903927,1499034
Israel,ISR,"Air transport, passengers carried",IS.AIR.PSGR,,,,,,,,,,,485000,1057400,1137100,1163500,1214300,1053700,1299800,1454100,1519700,1584000,1483300,1585200,1480800,1578700,1669400,1802700,1828600,2009700,1894600,2118000,2004000,2047500,2391200,2569400,2980400,3453400,3694600,3753600,3698500,4033200,4442967,3967140,3708138,3677879,4968931,4392448,4357151,4662615,4563041,4605452,5084798,5151469,5381980,5565864,5886728,6331198,6866472,6993888,7404373,7068458,1249361,2437207
Italy,ITA,"Air transport, passengers carried",IS.AIR.PSGR,,,,,,,,,,,6743700,7644100,7462200,8189900,8631400,8360600,8238100,9424100,9507000,9462500,9955800,10493300,11611000,11996600,12593600,14408000,13811100,15268100,15649200,17437700,19750000,18846800,21766700,21901400,22959300,23665800,25838500,28183900,27462700,28281000,30418137,31031074,28244627,36345771,35922093,36115764,36709131,37830745,30672048,33194501,32645164,33923370.51,31072962.16,27846220,27193939,28603919,29120041,26288001,27243741,27760301,7801490,2449339
Jamaica,JAM,"Air transport, passengers carried",IS.AIR.PSGR,,,,,,,,,,,278700,425400,554900,568500,743300,696800,706500,601800,705900,795300,722700,727800,729600,716300,826000,887600,1058600,1257500,1188700,1210800,1003600,894000,983200,1037800,1011000,1126400,1388300,1400100,1453900,1669800,1922123,1946123,2016000,1838047,2007765,1573785,1526571,1618165,1644056,1380000,0,0,0,46272,76244,92836,136744,151326,180951.272,,,
Jordan,JOR,"Air transport, passengers carried",IS.AIR.PSGR,,,,,,,,,,,118800,119600,119900,162300,243400,379900,475500,557300,728400,914300,1112600,1443300,1667300,1457300,1327600,1310200,1132000,1178000,1225900,1204000,963900,797200,1109300,1185600,1219500,1270000,1299200,1353400,1186700,1252200,1281997,1178058,1299699,1353444,1660235,1737165,2046457,2246212,2355285,2323750,3077036.696,3267109.736,3438356,3294911,3211795,3065145,3181283,3381677,3383805,3478444,816253,1695302
Japan,JPN,"Air transport, passengers carried",IS.AIR.PSGR,,,,,,,,,,,16315100,17880500,20169500,25393100,27485700,27281400,29566000,36177400,40554700,45367800,45144500,48061200,46394200,46554000,50452800,51294700,52489800,57757700,62087500,69321696,76223800,78719800,81378400,80063904,83913504,91797000,95913504,94997600,101701200,105994496,109123312,107823469,109037841,103988547,101740600,102279015,102845319,99842338,97022471,86896527,109617021,89788818,98907859,107573000,110547000,114128000,117708000,123898000,126387527,130233352,51131122,45410146
Kazakhstan,KAZ,"Air transport, passengers carried",IS.AIR.PSGR,,,,,,,,,,,,,,,,,,,,,,,,,,,,,,,,,5273400,706400,702300,1117300,568000,568000,565800,467200,461283,500981,756959,1009731,834760,1160286,1283250,1295050,1275624,1192714,3098327,3786453.064,4064819.023,4785588,4918608,5081632,5007869,6903190,5920110,7656866,5282205,8765001
Kenya,KEN,"Air transport, passengers carried",IS.AIR.PSGR,,,,,,,,,,,171500,188000,216800,340800,382800,361500,449600,237300,363300,377400,392500,408700,391300,435500,479200,558700,611300,655800,720900,760500,794400,759900,721400,769500,753500,740400,778600,835700,1138400,1357800,1554949,1418183,1599843,1678160,2005473,2424382,2685148,2857464,2880546,2948920,4039583,4508698.012,4653459.735,4516500,4448530.528,4569473,4848016,5109576,5905365.123,6417534.056,1865768,2459106
Kyrgyz Republic,KGZ,"Air transport, passengers carried",IS.AIR.PSGR,,,,,,,,,,,,,,,,,,,,,,,,,,,,,,,,,,464000,464000,438700,488200,423000,620100,312100,240954,192060,174369,205604,245570,225923,219464,274981,204525,309488,375602,526018.0125,494640.4268,771165,712284,967629,1015750,1122951,1175000.704,867935,191774,171347.337
Cambodia,KHM,"Air transport, passengers carried",IS.AIR.PSGR,,,,,,,,,,,40500,107000,136200,140000,129000,112500,112500,112500,,,,,,,,,,,,,,,,,,,,,,,,,124847,164515,162132,168810,256160,307782,211281,183503,277725.0543,499981.518,508688.5094,615123.328,1071179,1103880,1047394,1305297,1411059,1429503.73,609564.382,50217.459
Kiribati,KIR,"Air transport, passengers carried",IS.AIR.PSGR,,,,,,,,,,,,,,,,,,,,,,59000,60000,60000,65500,26400,32000,24900,24000,24900,24900,24900,25400,25600,25600,26900,28400,28400,28300,,,,,,,,,,,,,,,,,,,66567,66567,65846.852,56299.058,46390.423
St. Kitts and Nevis,KNA,"Air transport, passengers carried",IS.AIR.PSGR,,,,,,,,,,,,,,,,,,,,,,,,,,,,,,,,,,,,,,,,,,,,,,,,,,,,,,,,,,,,,,
"Korea, Rep.",KOR,"Air transport, passengers carried",IS.AIR.PSGR,,,,,,,,,,,1208100,1463600,1640000,2213400,1923800,2046700,2075200,2466500,3099800,3725900,3566600,4186700,4201500,4861500,5353300,6202500,7211400,8330900,9826000,13160800,15684500,16908000,19766900,21425900,24932300,29345200,33002700,35505800,27109000,30870200,34331368,33710340,34831814,33372577,34511494,33888328,34842655,36655313,36077655,34168590,36987982,39911749.59,39969577.02,54530105,58289180,66093149,76859538,82818983,88157579,92434079,30033310,34020088
Kuwait,KWT,"Air transport, passengers carried",IS.AIR.PSGR,,,,,,,,,,,315200,342200,390700,453600,517900,624800,737000,812300,849500,965100,1076200,1252500,1460700,1534500,1497900,1449200,1465700,1511100,1557300,1640600,965600,840100,1408600,1553800,1756200,1950800,2133400,2113900,2240800,2130000,2112523,2084574,2299218,2185990,2496441,2433213,2627870,2659769,2523966,2597076,4563082,3722729.503,3481039,3244805,3530851,3752995,4069935,5731748,6464847,7385299,1823594,2182888
Latin America & Caribbean (excluding high income),LAC,"Air transport, passengers carried",IS.AIR.PSGR,,,,,,,,,,,14728000,15585600,17719600,19380900,22666700,25838500,28711100,31171700,34684800,40166300,43461600,42560800,43218000,44295900,45474700,46669200,49766900,50341400,47642400,50778300,52627800,51349700,51295400,54198900,60254100,59403500,63933500,71413900,75730700,76898000,79786001,79967304,80241766,78919249,84738943,90366215,92844326,100351198,112485494,116649457,150861914.5,165845189.9,182147425.9,195801519.5,208402775.4,223848291,224865489,235650534.4,251841775.8,262820682.6,107281953.1,166493092.6
Lao PDR,LAO,"Air transport, passengers carried",IS.AIR.PSGR,,,,,,,,,,,55900,42000,43000,44500,45000,45000,45000,30000,12000,13000,13000,14500,14700,14000,15700,15800,24500,45000,47500,49600,115400,115400,118500,118500,118500,124500,124500,124500,124100,197200,210847,210847,219598,218652,271706,293442,326730,328326,323401,302596,443778,532707,877949.8814,1476528,1310124,1181188,1220201,1196041,1009414,979307,386950,157293
Lebanon,LBN,"Air transport, passengers carried",IS.AIR.PSGR,,,,,,,,,,,548600,648000,743800,819000,1037300,900000,1050000,928500,862900,904000,930300,843800,571000,695800,410700,501300,498700,353300,493200,182600,572300,535500,599600,677400,706400,769800,774600,856900,716000,719400,805803,815862,874152,935213,1086730,1076258,968820,1074219,1067774,1308382,1893359,2029610,2148669,2241480,2419476,2591297,2647258,2879528,2981937,3164358,1077762,1603134
Liberia,LBR,"Air transport, passengers carried",IS.AIR.PSGR,,,,,,,,,,,,,,,25000,25500,26000,27000,29000,9400,10600,30400,40900,44000,50000,42000,42000,44000,45700,46300,33700,32000,32000,,,,,,,,,,,,,,,,,,,,,,,,,,,,,
Libya,LBY,"Air transport, passengers carried",IS.AIR.PSGR,,,,,,,,,,,190200,259400,327200,352000,408000,558000,669900,801900,890600,913800,1168800,1486000,1557800,1860000,1583800,1579300,1382900,1515100,1581200,1617000,1803000,1883700,1350100,853000,640800,623200,638600,570600,570600,585500,600734,582712,559404,626532,850185,0,1151785,1204107,1213854,1147234,2928705.68,2284066.501,1398125.134,2744844,2391856,1430460,1283181,1186424,1442576,1367458,715300.42,968476.425
St. Lucia,LCA,"Air transport, passengers carried",IS.AIR.PSGR,,,,,,,,,,,,,,,,,,,,,,,,,,,,,,,,,,,,,,,,,,,,,,,,,,,,,,,,,,,,,,
Latin America & Caribbean,LCN,"Air transport, passengers carried",IS.AIR.PSGR,,,,,,,,,,,17717500,18809300,21078700,22821000,26532900,30649500,33989400,37141200,41000200,47754900,51822900,52315700,53473200,53517600,54487400,56286100,60548200,61892400,61535800,66610700,65165400,64136600,64903900,68207800,73894400,72889000,77252200,85239100,90079300,93629700,96507566,101576743,97945064,94799825,100859199,107537262,110439889,120106257,133677728,140453020,178418790.8,198178802.3,217297987.7,234290843.1,248819233,264217989,266690030,275641368.4,293327220.8,305061356.6,121084047.4,187704362.7
Least developed countries: UN classification,LDC,"Air transport, passengers carried",IS.AIR.PSGR,,,,,,,,,,,2730800,3045500,3129100,3816800,3969800,4109300,4915900,4914900,5137300,6108400,6523600,6950300,7312600,7409200,7523200,7435400,7538000,7636500,8540800,7582400,7938100,7118600,7276500,7153600,7692600,7232500,7555500,7504600,7592400,7481600,7519592,7376767,7353416,7488367,9016368,9759330,10367147,10789341,11030568,11557669,17654275.92,21331556.22,22107026.96,24484619.15,25368159.47,25261970,26570744,32239144.63,38126472.41,36685985.81,16979803.79,21218687.43
Low income,LIC,"Air transport, passengers carried",IS.AIR.PSGR,,,,,,,,,,,1540000,1695700,1602400,1614000,1926000,2167900,2767300,2962600,3098100,3403500,3633600,3754500,3798200,3853000,3852300,3388100,3632500,3561200,3699200,3654900,4050600,3473700,3679900,3640300,3774000,3418500,3721600,3689700,3718500,3739600,3831665,3612549,,,,,,,,,8414514.135,9727355.848,8736330.995,9143844,8444757.159,5792888,5511797,6353144.08,6322238.468,6059516.686,3086754.252,4851947.427
Liechtenstein,LIE,"Air transport, passengers carried",IS.AIR.PSGR,,,,,,,,,,,,,,,,,,,,,,,,,,,,,,,,,,,,,,,,,,,,,,,,,,,,,,,,,,,,,,
Sri Lanka,LKA,"Air transport, passengers carried",IS.AIR.PSGR,,,,,,,,,,,104600,116000,116000,108500,107700,117300,127700,181000,100000,105300,235000,405200,572700,616500,681300,698600,611400,586900,694300,744500,891800,892700,1045600,993800,1066800,1155700,1170700,1231900,1212500,1421500,1755567,1718331,1740807,1957606,2412889,2817778,3100832,3206766,2951506,2417713,3008322.692,3665394,4616417,4793393.4,4756131,4911730,5284585,5403577,5882376,5582446,1240391,871685
Lower middle income,LMC,"Air transport, passengers carried",IS.AIR.PSGR,,,,,,,,,,,12619700,12028300,12698100,14207200,14782000,16965700,19503600,21510200,24668200,27104700,28744300,31666300,33493900,35453000,36706100,39110400,38651100,40458900,42749800,42030700,40715200,39566600,46704700,44765500,48845100,52611300,51802100,57443100,56268800,55412300,57819859,58591849,57936625,59350319,69974776,77532883,92479622,108805080,111835324,117471182,159652958.2,180352554.5,184963765.2,192022862.9,214627823.7,242140759,276464837,305346465.9,346975005.2,360683101.8,148092749.6,153270066.5
Low & middle income,LMY,"Air transport, passengers carried",IS.AIR.PSGR,,,,,,,,,,,,,,,53367500,61298000,69772700,76332400,84964700,94999800,101474800,107445600,111797700,116078500,123083100,128384700,136256000,144688400,152943700,153227600,163020000,163206700,193825400,196272300,218760300,238670600,251562800,262597700,264779400,265585600,285890632,307403357,311612159,322466212,395495976,431032196,478293338,536202896,560245009,613868168,809161372.1,901809031.6,972327022.7,1057526690,1148644544,1262946792,1379605106,1528425726,1672712175,1724105591,836329275.3,926227910.1
Lesotho,LSO,"Air transport, passengers carried",IS.AIR.PSGR,,,,,,,,,,,,,,,10000,10000,11000,11000,40000,52000,36300,36600,54800,61000,48700,50700,55300,60900,63000,53300,56000,56000,26100,20500,26600,24800,17100,10500,28200,1300,,,,,,,,,,,,,,,,,,,,,,
Late-demographic dividend,LTE,"Air transport, passengers carried",IS.AIR.PSGR,,,,,,,,,,,,,,,24637200,27412300,30153500,32162100,35456000,40432600,42895300,45741200,48636300,48639000,51251500,55201400,63012500,68463800,76750800,76969300,84784000,218048600,169668800,149063500,156855000,173392100,178597200,184906800,187098700,199593400,216639000,237815480,258940139,271040893,331760561,347642313,384756400,444476143,485748645,572829124,685670532.1,761255355.4,830069110.5,907272787.7,985686600.9,1088963002,1190947049,1323673354,1434010524,1516126027,741617825.5,823261040.5
Lithuania,LTU,"Air transport, passengers carried",IS.AIR.PSGR,,,,,,,,,,,,,,,,,,,,,,,,,,,,,,,,,557200,149700,194500,209900,214000,236800,258900,249600,283836,304051,303865,329271,447883,505409,429657,423585,609847,616514,81450,69445,592996,1009728,1274911,1363946,1046012,1069268,26031,40944,35027,11289
Luxembourg,LUX,"Air transport, passengers carried",IS.AIR.PSGR,,,,,,,,,,,167000,250000,211300,218100,220600,230000,250000,260000,290000,300000,161500,163200,203700,224100,243200,239400,247700,272900,293900,296000,409300,405700,460600,470500,532500,569700,639100,559800,701400,842700,870831,885852,822533,853903,855840,851136,927738,1039067,1059848,681482,786920,785200,781146,1555788,1710624,1830972,1845726,1901012,2099102,2114417,753114,1081478
Latvia,LVA,"Air transport, passengers carried",IS.AIR.PSGR,,,,,,,,,,,,,,,,,,,,,,,,,,,,,,,,,65700,111200,167000,173000,275900,229100,229100,196200,278396,255392,264991,339747,593662,1032128,1409620,1344912,1371810,1301848,3158051,3299391,2888683,2754720,2636612.759,2527368,2843133,3441024,4058762,4976410,1323070,1598685
"Macao SAR, China",MAC,"Air transport, passengers carried",IS.AIR.PSGR,,,,,,,,,,,,,,,,,,,,,,,,,,,,,,,,,,,,,,,,,1532189,1706332,1728004,1211797,1800237,2040654,2285750,2393294,1866141,1427324,1329721,1327732,1561850,1767100,2078758,2276436,2788571,2776815,3157724,3659911,544411,698047
St. Martin (French part),MAF,"Air transport, passengers carried",IS.AIR.PSGR,,,,,,,,,,,,,,,,,,,,,,,,,,,,,,,,,,,,,,,,,,,,,,,,,,,,,,,,,,,,,,
Morocco,MAR,"Air transport, passengers carried",IS.AIR.PSGR,,,,,,,,,,,289500,362000,410300,486500,509600,672900,808900,1047200,1131700,1153800,947400,929600,974100,932200,1000700,1113900,1095500,1187400,1267300,1360800,1580000,1429700,2169000,2139600,2183900,2147200,2301200,2638400,3012000,3392100,3671317,3680688,3049154,2638314,3004353,3492984,4109489,4623543,4927341,4930683,7144446,7502696.745,6563646.676,6507408,6976810,7043971,7738637,8667392,8132917,9380951,3012310,4740714
Monaco,MCO,"Air transport, passengers carried",IS.AIR.PSGR,,,,,,,,,,,,,,,,,,,,,44000,44000,44000,44000,73200,73800,37500,40000,40000,42500,42500,42500,44000,44000,44000,44000,44000,44000,43800,75200,82764,77798,104255,94563,83916,87523,95721,101753,84660,63876,59658,63186,65404.36364,64524,64188,60382,12137,316,316,316,,
Moldova,MDA,"Air transport, passengers carried",IS.AIR.PSGR,,,,,,,,,,,,,,,,,,,,,,,,,,,,,,,,,571100,312300,312300,169500,190000,46400,118000,43000,117532,120125,129377,179084,200615,231985,273810,314361,401199,402423,479457,540679,543872,557653,692496,1005936,936254,1092606,1423791,1408166,306631.727,528581
Madagascar,MDG,"Air transport, passengers carried",IS.AIR.PSGR,,,,,,,,,,,168000,197700,201100,217800,230700,203100,262000,292200,335800,407500,447700,444900,410200,347300,360000,350800,355900,410600,387000,342400,424200,314300,343900,418500,450700,497200,542100,574900,600500,639800,629409,657953,266033,451729,513508,574904,572991,616433,558981,499526,524296,544100.7273,588169,539208,520421,458572,441861,486425,541290,544458,186314.332,109461.4
Maldives,MDV,"Air transport, passengers carried",IS.AIR.PSGR,,,,,,,,,,,,,,,,7000,10000,13000,20000,25000,27000,33800,34000,38000,40000,60000,65000,8400,8400,8400,9400,9400,9400,9400,38500,158600,206900,188900,247200,261100,315108,56216,57902,60218,75875,81945,93417,92483,91096,85448,,,,,1024693.845,1313533,1409704,1485752,1191383.083,1221786.675,292931,277881.434
"Middle East, North Africa, Afghanistan & Pakistan",MEA,"Air transport, passengers carried",IS.AIR.PSGR,,,,,,,,,,,6723400,7611900,8259000,9589700,11741600,14567600,18921400,22674200,26302000,28254000,30964100,31906700,34366400,37163100,39159200,38887400,38398800,40263700,41732000,43562400,44349600,41830700,47030600,47931200,50982800,51569000,55243600,59697900,59180500,62414200,65097780,74002907,68496777,77738714,83658381,66795878,72353506,76662118,76676642,119577470,159660254.6,170491595,185049292.1,198775778.2,214782513.1,227397945,250739334,266850504.8,272712361.9,284913666.1,96419409.68,121253526.3
Mexico,MEX,"Air transport, passengers carried",IS.AIR.PSGR,,,,,,,,,,,2966600,3107300,3962000,4589600,5501500,6522900,7675700,8238200,9387700,11381500,12889800,13853300,12777300,13923500,14440200,15364400,13824500,13504900,11412300,12689000,14341300,14901000,15532200,16484800,18791400,14968800,14677700,17266500,17717400,20561100,20894205,20172824,19618662,20661206,21167881,21857658,21243010,20952513,18825976,15728171,31269061,29538937,32909408.72,35986501.82,39570522,46966763,53313307,58537832,64569640,69937838,34133108,54217876
Marshall Islands,MHL,"Air transport, passengers carried",IS.AIR.PSGR,,,,,,,,,,,,,,,,,,,,,,,,,,,,32000,33800,36300,66400,66300,96000,43500,41900,45800,41300,33100,32000,33100,16109,18805,24592,27471,28970,25789,30232,29980,29530,27692,,,,,,,,22435,24313,21500,25563,30115
Middle income,MIC,"Air transport, passengers carried",IS.AIR.PSGR,,,,,,,,,,,,,,,51441500,59130100,67005400,73369800,81866600,91596300,97841200,103691100,107999500,112225500,119230800,124996600,132623500,141127200,149244500,149572700,158969400,159733000,190145500,192632000,214986300,235252100,247841200,258908000,261060900,261846000,282058967,303790808,308562584,319269612,391684880,426910284,473994301,531677111,555749753,609455454,800746858,892081675.8,963590691.7,1048382846,1140199787,1257153904,1374093309,1522072582,1666389937,1718046074,833242521.1,921375962.6
North Macedonia,MKD,"Air transport, passengers carried",IS.AIR.PSGR,,,,,,,,,,,,,,,,,,,,,,,,,,,,,,,,,,187500,203000,215000,287300,228900,488900,506100,599012,315450,165735,200959,210875,191977,209255,234366,196420,86868,,,,,,,,,,,,
Mali,MLI,"Air transport, passengers carried",IS.AIR.PSGR,,,,,,,,,,,39200,39000,44000,46900,49800,50500,59400,61400,57000,66000,71000,71000,79000,77000,70000,61000,69000,4000,,,,,66300,68200,69200,74100,75100,85500,90500,83900,77273,46364,,,,,,,,,303692,363857.3759,181742.6142,33444,0,,,,,,,
Malta,MLT,"Air transport, passengers carried",IS.AIR.PSGR,,,,,,,,,,,127800,110800,102100,140600,152500,205200,221100,255300,351600,382000,401500,397900,401700,366300,364100,384100,411300,429400,480600,506500,597800,648600,692500,797000,1002500,1065900,1037500,1054300,1159400,1421300,1364904,1340031,1398990,1309119,1365223,1371865,1495333,1674773,1708268,1992900,1699829,1673765,1535101,1603404,1588165,1583046,1500824,1575125,2576898,2382607.8,549318.545,597724
Myanmar,MMR,"Air transport, passengers carried",IS.AIR.PSGR,,,,,,,,,,,345800,380500,393000,405000,388300,391300,396000,410000,425000,460000,481000,500000,515000,517000,487000,509000,511000,512000,516000,308000,318500,318500,318500,318500,318500,334500,334500,334500,333200,536800,437600,398216,1186162,1117208,1392244,1503624,1620895,1662866,1637923,1527346,924207,1539676,1663425.435,1572120,1926969,2095503,2741388,3149037,3407788.433,3701663.849,1506581.713,1132655.764
"Middle East, North Africa, Afghanistan & Pakistan (excluding high income)",MNA,"Air transport, passengers carried",IS.AIR.PSGR,,,,,,,,,,,4996400,5307900,5547100,6513700,8064400,10156200,12435100,14248200,15815100,15807700,16675900,17213000,18592200,20606100,21565200,21586300,21886400,23019900,24417200,25487200,26390100,24135100,25831400,24870400,25919700,26426300,28587500,32309900,30738600,31095600,31544038,40091314,30929333,37322138,35566121,36624267,39971463,41644664,41470684,43324788,61357712.77,62510145.68,60685403.42,63599011.23,64250755.09,61012644,67306499,75565653.79,75246086.92,77266751.25,31123156.25,39460765.32
Montenegro,MNE,"Air transport, passengers carried",IS.AIR.PSGR,,,,,,,,,,,,,,,,,,,,,,,,,,,,,,,,,,,,,,,,,,121737,,287111,337046,383140,,,,,659355.4148,523356,544519,528852,503040,526980,544597,507637,565522,597380,,1589.285
Mongolia,MNG,"Air transport, passengers carried",IS.AIR.PSGR,,,,,,,,,,,,,,,,,,,,,,,,,,,,,,,,615700,590600,630000,630000,661500,661500,240200,239700,224700,253917,255298,269886,294880,310158,295252,347998,380708,364470,257233,391188,496649.1077,626469.9665,585864,683254,529311,537853,602775,670360,744413,143860,61614
Northern Mariana Islands,MNP,"Air transport, passengers carried",IS.AIR.PSGR,,,,,,,,,,,,,,,,,,,,,,,,,,,,,,,,,,,,,,,,,,,,,,,,,,,,,,,,,,,,,,
Mozambique,MOZ,"Air transport, passengers carried",IS.AIR.PSGR,,,,,,,,,,,,,,,,119500,248900,225200,266400,273000,282200,291500,391100,404700,325200,207700,226400,210600,235000,242900,279500,282800,224700,206200,220700,168200,163400,188400,200700,234800,259568,264216,281513,280516,293873,346830,350314,443010,461125,490019,558192,577019.8145,559608.7957,701472,739636.7441,676028,632965,569211,540124,587364,327742,411739
Mauritania,MRT,"Air transport, passengers carried",IS.AIR.PSGR,,,,,,,,,,,84500,68400,65900,72700,78300,84500,94400,105400,117200,124300,141100,144100,147300,148500,201700,213800,233400,216100,216100,220400,222700,212700,212700,214600,215600,227900,234800,245200,249600,187400,185061,155687,105541,116136,128329,138595,149188,154662,153895,142355,524817.8947,381075.9236,325239.5236,261696,271212,248158,280215,418817,379211,386621,100904,207225
Mauritius,MUS,"Air transport, passengers carried",IS.AIR.PSGR,,,,,,,,,,,23000,24200,25200,24000,28000,30000,33000,30100,55000,82300,83700,102200,106400,122900,155000,182800,199700,285400,383700,423800,519700,525300,578100,581900,635900,675800,716900,803900,847500,823200,949085,1002282,1029466,1042773,1088696,1145737,1056496,1277957,1256746,1092580,1265458,1321491,1313976,1318052,1354388,1466527,1593666,1674395,1745291,1726868,407291,153242
Malawi,MWI,"Air transport, passengers carried",IS.AIR.PSGR,,,,,,,,,,,51700,66100,74700,90400,98300,122400,93700,100300,106400,111700,94000,107600,130300,96900,127000,140400,140200,114200,115800,121200,120300,120100,121400,132100,141600,148700,152500,158300,157700,112300,115831,112560,104711,108854,122477,132275,145747,154837,159917,157007,91520.1894,82709.54499,53518.998,5856,5856,6011,6744,10545,10545,7117,1792.164,1290.356
Malaysia,MYS,"Air transport, passengers carried",IS.AIR.PSGR,,,,,,,,,,,748900,875100,1015600,1864400,2331900,2503600,2671000,2864700,3096000,3489500,4516400,5347700,5241700,5360900,5685400,5687000,6310500,7396100,7683600,8694600,10241500,11837400,12756900,13101300,14249800,15417800,15117600,15591600,13654400,14984600,16560793,16107156,16281275,16704600,19226564,20369086,17833364,21325754,22420870,23766316,34239014.17,38218608.85,39165195.22,47995842,49673884,50345820,53817353,58711937,60481772,63623130,15893988,4965360.963
North America,NAC,"Air transport, passengers carried",IS.AIR.PSGR,,,,,,,,,,,173629292,184390404,202953908,216936000,223979900,221613300,239850396,257611392,291497504,334470400,317782088,303183500,310646408,333707996,359574088,391747504,434932996,461779204,476582312,474435304,485175416,468602404,483783292,487442612,533028800,553803196,593928000,614552892,612824180,658966608,707095388,662639760,621733444,624881527,718811915,765777598,772257943,796405857,755498308,732006924,783774409.4,796874012,807166400.8,814697725.9,838238607,878450302,909445425,940807001,980528000,1020089000,397121000,691104000
Namibia,NAM,"Air transport, passengers carried",IS.AIR.PSGR,,,,,,,,,,,,,,,,,,,,,,,,,,,,,,,,455000,163200,178700,198800,224600,236800,214500,213700,214100,247147,215237,222009,265655,282915,399280,400947,430741,452167,454855,485849,540867.9,632330.085,510000,522216,553322,558713,623076,602893,212578,62262.67,2245.772
New Caledonia,NCL,"Air transport, passengers carried",IS.AIR.PSGR,,,,,,,,,,,,,,,,,,,,,,,,,,,,,,,,,,,,,,,,,,,,,,,,,,,,,,,,,,,,,,
Niger,NER,"Air transport, passengers carried",IS.AIR.PSGR,,,,,,,,,,,54700,56700,52900,57600,63500,69000,75400,83400,94200,99300,111100,114100,116300,117500,117700,73500,120000,111700,111300,74000,76300,66300,66300,68200,69200,74100,75100,85500,90500,83900,77273,46364,,,,,,,,,0,0,119652,87936,13227.5,15243,15044,14713,,,,15019.2
Nigeria,NGA,"Air transport, passengers carried",IS.AIR.PSGR,,,,,,,,,,,173000,227100,286800,314100,430300,590400,800800,1093900,1441000,1581300,1938500,2300200,2138400,2221300,1945900,2575000,2134000,1614400,995000,848900,964800,930000,646500,608400,664800,547900,221200,318200,313400,419700,507396,519453,520278,520263,540461,747648,1307541,1363435,1460900,1365343,4197375,4793913.274,4716148.081,4209624,4462001.63,4613169,4110075,4789878,7786143.994,6539048.353,3435350.518,4486313.422
Nicaragua,NIC,"Air transport, passengers carried",IS.AIR.PSGR,,,,,,,,,,,107100,137500,144000,77500,81000,85000,89000,110000,110000,145000,115000,97000,100000,95000,85000,90000,80900,85000,86500,109500,129600,129600,159200,34000,43800,48200,51300,51300,51100,58700,61031,,,,,,,,,,,,,,,,,,,,,
Netherlands,NLD,"Air transport, passengers carried",IS.AIR.PSGR,,,,,,,,,,,2881100,3012300,3275800,3682400,3627100,3827700,4080900,4452000,4718300,4918900,4983800,5058000,5201900,5278900,5654900,6027700,6382000,7403400,7860100,8253400,8559400,8893200,10087800,11774600,12894800,16377900,17114300,17889900,18675500,19741200,20898713,20072980,22931166,23454932,25595676,26132696,27454451,28857440,29601230,29108547,26979676.63,29959476.4,31672223.98,33455251,33956338,35687843,40078714,42763443,44417573.58,46358457.95,14748517.33,19349165.53
Norway,NOR,"Air transport, passengers carried",IS.AIR.PSGR,,,,,,,,,,,2412300,2791600,3101600,3342600,3367500,3530400,3853500,4192500,4487400,4866900,4804400,4979400,5210400,5610800,6113900,6799700,7485200,8146000,8261000,8300000,8928500,8857300,9661200,10383600,11133100,11695500,12727300,13759000,14291500,15009600,15182305,14556181,13699204,12805757,12277222,,,,,,,,,,,,,,,,,
Nepal,NPL,"Air transport, passengers carried",IS.AIR.PSGR,,,,,,,,,,,203400,217900,232000,250000,263000,219700,248300,255000,270000,416500,379900,364500,400200,363700,395500,422000,436200,408800,987800,679100,679000,633900,648800,633100,682600,716700,755000,755000,753600,582600,643332,641142,352544,356369,444691,480266,509792,528226,520303,484394,917939,901116.1179,776864.1216,643140,517548,510342,634292,2443630.512,4525805,1659671,1989284,2550505
Nauru,NRU,"Air transport, passengers carried",IS.AIR.PSGR,,,,,,,,,,,,,,,,,,,,,,,,,,,,,,,,,,,,,,,,,,,,,,,,,,210424,30195.52105,34884.32689,19334.84785,16488,34572,38859,47252,45457,40290,50668,9356,3344
New Zealand,NZL,"Air transport, passengers carried",IS.AIR.PSGR,,,,,,,,,,,1862000,1923800,2084300,2544400,2961300,3047400,3023200,3198500,3399500,3807300,3497500,3316100,3073900,3222000,3764900,4158600,4527300,4812300,5093600,5723500,5865600,5370800,5784400,6290800,7716100,7676600,9597000,9435400,8654900,9565600,10781314,11467023,11285424,12259437,11305401,11951935,12382205,12545766,12950904,12104116,13295185,13747024.21,13937353.94,14434056,13618712,14385078,15300409,16271523,17249049.95,17763604.46,8516619.501,8729634.719
OECD members,OED,"Air transport, passengers carried",IS.AIR.PSGR,,,,,,,,,,,276589892,296537504,327004108,356798200,369035400,371410200,401309296,434540092,487082104,547918000,531814388,524004700,532905608,560323496,598958588,644682604,694577696,746656404,782184012,810093200,846937916,826639404,873450392,893611716,971255004,1021039596,1099596504,1151287192,1159476480,1245629100,1333236717,1283609610,1247264642,1278025311,1413357107,1475137918,1523845112,1594664421,1561688255,1516777735,1714226706,1767775671,1813901530,1880658281,1959633536,2082857593,2190437625,2295787113,2413352568,2504574292,872244225.3,1302098735
Oman,OMN,"Air transport, passengers carried",IS.AIR.PSGR,,,,,,,,,,,,,,,127500,173000,240100,299800,374500,456500,521500,577800,569800,601800,674200,717500,647400,699200,776400,834800,852900,957500,1081100,1180000,1511800,1452900,1620200,1678400,1849300,1933100,2118338,1980076,2103559,2777424,3267088,,,,,2360682,3262849,3795755,4430383,4994729,5051804,6365784,7709851,9035230,10438241,11239996,2496069,2075390
Other small states,OSS,"Air transport, passengers carried",IS.AIR.PSGR,,,,,,,,,,,,,,,,,,,,,,,,,,,,,,,3666100,3667300,4003900,4436800,5406200,5867800,6062800,6489600,7073200,7049200,7414785,7399883,,7805487,8909456,9268666,,,,,,,,,,,,,16978786.64,13862604.48,,
Pakistan,PAK,"Air transport, passengers carried",IS.AIR.PSGR,,,,,,,,,,,1335900,1085600,625200,805200,1047700,1451800,1947400,2303700,2656300,2773100,3029200,3096800,3328800,3466900,3641900,3839400,4127200,4434400,4889400,5009000,5180200,5197700,5680600,5647100,5663700,5342600,5375000,5882500,5414100,5850000,5293541,6011849,4141009,4522110,5097477,5364134,5714831,5439144,5605758,5303268,6588114,7940545.076,7973906.361,7833901.088,7670348.185,8467827,9628354,7260769,6880637,7420378.249,3711456.87,4930661.98
Panama,PAN,"Air transport, passengers carried",IS.AIR.PSGR,,,,,,,,,,,307400,337200,316200,217500,275700,357100,374100,347400,365700,381300,355200,309200,332200,323400,371600,390300,364200,370800,382000,372500,265800,342700,282700,320500,519900,661200,688800,772200,859900,932500,1117411,1114727,1047843,1416071,1500673,1795958,2028711,2473261,2762458,6348000,5524157.43,6380080.184,7517581.277,11656416,11812712.84,12193261,13285098,11975372,12631703,12497758,3074172,8208378
Peru,PER,"Air transport, passengers carried",IS.AIR.PSGR,,,,,,,,,,,390500,263700,525300,590000,1116900,1335200,1439200,1425000,1449000,1686100,1980100,1777100,1739700,1698200,1616800,1563900,2152900,3009000,2737100,1854300,1816200,1490600,1217600,1362400,1894900,2508300,2327500,2724500,2774500,1900000,1595268,2248991,2085823,2226329,3225128,4332223,4217880,5273188,6184410,5843195,7106025.293,8609620.354,10074855.61,12255937.76,12284677,13877662,15081755,16094150,17758527.27,18820572,5705074,9053965
Philippines,PHL,"Air transport, passengers carried",IS.AIR.PSGR,,,,,,,,,,,2369000,2070900,2123900,2349600,2525100,2758400,2815700,3021100,3411600,3474900,3245600,3542700,3866900,4319800,4394000,4610400,4879600,5247300,5719500,5715200,5638700,5438100,6136500,6526200,6851500,7179600,7263100,7474600,6731600,5024000,5756288,6416383,6449022,6457529,7387965,8056829,8304634,8818150,9508389,10480898,22575356,26326620.76,28540727.36,25540880,34897404,37023422,40206684,39341995,43080118,47776892,10613531,6886922
Palau,PLW,"Air transport, passengers carried",IS.AIR.PSGR,,,,,,,,,,,,,,,,,,,,,,,,,,,,,,,,,,,,,,,,,,,,,,,,,,,,,,,,,,,,,,
Papua New Guinea,PNG,"Air transport, passengers carried",IS.AIR.PSGR,,,,,,,,,,,,,,,,355000,405300,440000,532300,572300,558600,553500,560400,533800,711400,700900,807400,798300,886600,963400,931200,911000,954000,866000,1112800,970000,970000,1114000,1110300,1058200,1099772,1188089,1234779,690528,762784,818773,918640,918665,904885,847353,1405169,1563593.853,1630308.432,1870968,2074020,1679156,1711274,1864653,1831903,2029701,932389,1039010
Poland,POL,"Air transport, passengers carried",IS.AIR.PSGR,,,,,,,,,,,904000,1031200,1267000,1491000,1086800,1454500,1472400,1643200,1702300,1850400,1710500,1592800,755500,1287000,1595900,1587000,1573500,1569500,1600200,1907300,1501000,1051200,1102100,1269900,1451800,1657300,1805900,1998000,2212500,2140700,2340919,2670283,2845919,3252222,3493094,3553680,3625982,4269655,4634676,4279072,4099082,4448727.06,4909100.392,5002975.749,5038745.426,4448883,5497163,7376512,9277538,10225516,2686258,3676185
Pre-demographic dividend,PRE,"Air transport, passengers carried",IS.AIR.PSGR,,,,,,,,,,,2589800,2847200,2900000,3299800,3830100,4279000,5416400,5693100,6456000,7333900,8054300,8800000,8987200,9138600,8906500,9315600,8586600,8136900,8313100,7581600,7398600,6057800,5674400,5354400,5857800,5618900,5427100,5219400,5677400,5720100,5605843,5129614,,,,,,,,,17819048.66,20387700.77,20515501.68,19925850.82,19349770.9,21230480,20633300,21624757.05,28768397.36,28357862.06,10279740.06,15075193.28
Puerto Rico (US),PRI,"Air transport, passengers carried",IS.AIR.PSGR,,,,,,,,,,,,,,,,,,,,,,,,,,,,,,,,,,,,,,,,,,,,,,,,,,,,,,,,,,,,,,
"Korea, Dem. People's Rep.",PRK,"Air transport, passengers carried",IS.AIR.PSGR,,,,,,,,,,,165000,166000,,,,,,165000,166000,184000,192200,184400,185000,196000,197500,202000,200000,205000,217500,220400,222700,222700,235100,241800,241800,254000,254000,280000,64000,76700,82953,78805,84321,75046,93808,101313,105366,110634,108974,101237,73052,78558.86155,100113.3486,371004,90335.875,87082,94919,103560,94245,109095,3563,523.761
Portugal,PRT,"Air transport, passengers carried",IS.AIR.PSGR,,,,,,,,,,,1415400,1656100,1949800,2247100,2250400,1681300,1650300,1833400,2014400,2264500,1978100,2168500,2272200,2218400,2311800,2315200,2422600,2785600,3025100,3187300,3504500,3571800,4108800,4378900,4359600,4590100,4805500,6281400,7023100,7339300,6721365,6650492,6795580,7590259,9052471,10139655,9440930,10320040,11171020,9903771,10428173.51,11014639,11338080,11860998,12635439,12706909,13105120,15937325,17367956,22047878.98,6219531.061,8056494.578
Paraguay,PRY,"Air transport, passengers carried",IS.AIR.PSGR,,,,,,,,,,,80600,84300,53700,59600,61000,64500,66500,104600,111700,118500,129000,127000,167000,163500,179000,212000,184200,205000,248600,272300,273000,308800,313600,337500,324200,105200,260500,196000,222200,231700,265898,281040,267089,298928,373456,445854,432760,458688,465911,428493,715072,845395.6888,794176,711548.47,608844,452004,467713,454276,710407,632389,131713,111964
West Bank and Gaza,PSE,"Air transport, passengers carried",IS.AIR.PSGR,,,,,,,,,,,,,,,,,,,,,,,,,,,,,,,,,,,,,,,,,,,,,,,,,,,,,,,,,,,,,,
Pacific island small states,PSS,"Air transport, passengers carried",IS.AIR.PSGR,,,,,,,,,,,,,,,,,,,,,,,457900,448500,478500,435000,455800,488000,560000,641700,647200,661900,711300,669900,734300,775600,1042400,871600,956800,972400,994674,1040635,1169195,1409660,1376595,1366689,1468156,1510124,1487471,1861811,1679808.521,1691669.508,1701510.525,1807896,2006028,2120856,2238966,2543172,2681606,2609710.553,787299.92,449526.842
Post-demographic dividend,PST,"Air transport, passengers carried",IS.AIR.PSGR,,,,,,,,,,,268162692,286858404,316019208,344448000,356860200,358191400,386117596,417928492,469681004,528337700,512934188,504208800,512515308,539249896,577758388,622754404,673840096,725444604,762609612,788098600,823529116,803342904,851472092,866599916,939020504,989606440.1,1067013204,1118528992,1129879680,1214796800,1301972064,1251639848,1214443600,1229236696,1360640668,1413314874,1455395380,1510562083,1469546762,1409097909,1576171422,1619241222,1648538084,1699478103,1761628445,1848558208,1927693057,2000358525,2089907217,2176459264,730930007.5,1067970235
French Polynesia,PYF,"Air transport, passengers carried",IS.AIR.PSGR,,,,,,,,,,,,,,,,,,,,,,,,,,,,,,,,,,,,,,,,,,,,,,,,,,,,,,,,,,,,,,
Qatar,QAT,"Air transport, passengers carried",IS.AIR.PSGR,,,,,,,,,,,,,,,127500,173000,240100,299800,374500,456500,521500,577800,569800,601800,674200,717500,647400,621500,698400,752800,770900,875500,981100,1080000,1150600,1072500,1200300,1164600,1207000,2325200,2672972,2778116,3570521,3184104,4453071,6041040,7070851,8879109,9702479,10211229,12391268,14568106,17187171,18737348,21425066,25263224,31209097,29949181,29178923,32953297,10640789,14832936
Romania,ROU,"Air transport, passengers carried",IS.AIR.PSGR,,,,,,,,,,,452500,429400,488800,611800,674400,613100,912600,1077100,1084600,1119700,1112100,1079700,919400,998600,1163400,1215800,1240400,1281300,1322500,1271700,1322000,1148900,918900,979400,1242700,1244900,913300,995200,907600,980300,1218102,1137305,959487,1255313,1337781,1707714,2047466,3003872,3253417,3268022,3733253,3659209,3593312,3087143,3067724.4,3634598,3686938,4423249,4908235,5630289,1786407,2719206
Russian Federation,RUS,"Air transport, passengers carried",IS.AIR.PSGR,,,,,,,,,,,,,,,,,,,,,,,,,,,,,,,,128760600,62173900,36124000,28933100,26524800,22117100,20419000,15223700,18600400,17687894,20301199,20892156,22723072,25948923,26522315,28836949,33187839,37940321,34402844,43855539,50555805,58727125,64072322,72189961,76846126,77458318,89373638,99327311,108857906,62447448,96851769
Rwanda,RWA,"Air transport, passengers carried",IS.AIR.PSGR,,,,,,,,,,,,,,,,,,,,,,9700,25900,4400,4600,4800,4300,8900,11900,10100,8400,10100,9100,9100,9100,,,,,,,,,,,,,,,,188221,268376.55,593198.45,610992,626928,544541,644559,1031957.04,1502478,1561562.214,661287.648,715763.609
South Asia,SAS,"Air transport, passengers carried",IS.AIR.PSGR,,,,,,,,,,,2979600,2887900,3633800,4240100,3839400,4674400,5373300,6066800,7033800,7717800,7858700,8969400,10020100,10806000,11984300,13019700,13750200,14533700,15566500,15177500,13494500,13282200,13891100,12169700,14530900,17582700,16814200,19566400,19922900,19516700,21379284,20763520,21361233,23453249,28563261,32943015,45773342,57021399,54717867,58892398,70300953.89,80811963.82,79933576.69,84015308.4,92371330.46,109824144,130946386,154000765.6,181588446.6,182499352.7,75515185.69,91438001.43
Saudi Arabia,SAU,"Air transport, passengers carried",IS.AIR.PSGR,,,,,,,,,,,558000,513600,762000,968300,1282500,1835700,3268000,4705100,6268100,7689200,9241200,9146900,10151800,10670300,11365800,10795100,9929400,10258400,9879600,9988000,10311500,9409100,11154800,11864300,12142300,11524200,11706300,11738200,11816200,12328500,12566492,12835735,13564300,13821729,14942633,15933045,16830838,17141188,16708204,17508200,20323592,23135735,26537661,28252104,32269452,33431736,35092840,37503000,39767648,46181487,20968865.89,29403732
Sudan,SDN,"Air transport, passengers carried",IS.AIR.PSGR,,,,,,,,,,,124700,139500,133400,221500,244700,250000,328300,378500,176000,424000,519000,465300,477600,473000,485000,428000,347400,417200,533700,363200,454100,363200,480000,407900,432400,496900,490800,333100,498700,390300,414179,414983,409178,420498,473127,510977,563026,598151,617785,606558,580325,947031.4561,777346.3319,541644,501864,496177,292843,557792.04,561520,530001,386838,1386967
Senegal,SEN,"Air transport, passengers carried",IS.AIR.PSGR,,,,,,,,,,,85100,89400,88900,94600,102500,110000,120400,128400,137200,142300,113100,116100,118300,124500,126300,132100,144100,135800,135400,139700,148300,138400,138300,140200,141200,149700,155100,165500,121400,103400,97525,176413,231333,129974,416372,449682,500677,538845,567101,572609,0,391401.4,543987.6,219996,131964,115355,9874,21038,278438.2886,457722,271331,359705.738
Singapore,SGP,"Air transport, passengers carried",IS.AIR.PSGR,,,,,,,,,,,748900,875100,976100,1248900,1508500,1814700,2132100,2497300,2893200,3377500,3826900,4405400,4591500,4531600,4791800,4912300,4990300,5248400,6046900,6659900,7046400,7745500,8477300,9271200,9929400,10779300,11840700,12980700,13331100,15282600,16704341,16373648,17256872,14172367,16995621,17744017,19565884,20671341,21050204,18427473,24859825.16,26509929.14,29138458.27,31729241,33643518.42,33585397,35370328,38094990,40401515,43050722,7884373,2311712
Solomon Islands,SLB,"Air transport, passengers carried",IS.AIR.PSGR,,,,,,,,,,,,,,,,,,,,,42400,46200,51100,54600,63700,66000,64900,67500,68500,69300,69400,69400,69400,74600,78500,89500,94300,94300,94000,97700,75262,81376,84537,68104,84676,91450,101190,102090,100558,94027,142660,140183.2639,138160.1153,302412,330456,373739,373467,427806,427806,229670.648,138660.862,100593.419
Sierra Leone,SLE,"Air transport, passengers carried",IS.AIR.PSGR,,,,,,,,,,,,,,,,23000,26000,27300,28500,28500,30000,30200,34000,26400,56000,58000,59000,28900,43600,29600,30000,,16500,17500,14500,14500,15200,0,0,,19009,13877,13877,13599,15503,16743,18752,20252,21420,21784,0,48789,50193,,,,,,,,,
El Salvador,SLV,"Air transport, passengers carried",IS.AIR.PSGR,,,,,,,,,,,138200,146000,140000,147000,155000,160000,170000,210600,225300,257800,264600,241800,254800,265500,360200,395000,467600,444100,448500,617800,524900,577400,682900,1242500,1617100,1698000,1800000,1700600,1694000,1624100,1960363,1692334,1804307,2182463,2391159,2540564,2579145,2536820,2279763,1996982,1816391.104,2151274,2523296,2509003,2816524,2597649,2603129,2670560,2545105,2609917,805271.999,1412026
San Marino,SMR,"Air transport, passengers carried",IS.AIR.PSGR,,,,,,,,,,,,,,,,,,,,,,,,,,,,,,,,,,,,,,,,,,,,,,,,,,,,,,,,,,,,,,
Somalia,SOM,"Air transport, passengers carried",IS.AIR.PSGR,,,,,,,,,,,25700,29800,31400,33000,35000,35000,38000,34000,36000,36500,90000,115800,99300,117200,130000,99800,122000,128400,104700,89200,87600,46100,,,,,,,,,,,,,,,,,,,163812.7458,177005.4,178709.7,258336,251652,,4486,4486,33728.96866,34065.55685,,
Serbia,SRB,"Air transport, passengers carried",IS.AIR.PSGR,,,,,,,,,,,,,,,,,,,,,,,,,,,,,,,,,,,,,,,,,,994880,1185479,1011231,1076473,918540,1041747,1118404,1135322,926618,985072,1149102,1240709,1241352,2187144,2427047,2486009,2442731,2262703,2469081,795228,1276465
Sub-Saharan Africa (excluding high income),SSA,"Air transport, passengers carried",IS.AIR.PSGR,,,,,,,,,,,4353700,4750300,5071700,5952100,6543100,7076300,8280400,8522900,9541700,11081900,12761600,13868100,13878600,13974900,14274400,14523400,13368400,13505300,14042200,13883300,13945700,13330600,12516600,12881700,13928800,14304700,14918100,15320800,15083800,15913400,16574427,15726021,14913644,16353104,18302389,21453942,23510000,24367810,24795483,24270271,34431773.14,37813524.71,40171724.94,37774404.82,37699134.12,40278717,40873275,44060935.08,52995285.36,53191029.92,19405309.6,24279553.69
South Sudan,SSD,"Air transport, passengers carried",IS.AIR.PSGR,,,,,,,,,,,,,,,,,,,,,,,,,,,,,,,,,,,,,,,,,,,,,,,,,,,,,,,,,,,,,,
Sub-Saharan Africa,SSF,"Air transport, passengers carried",IS.AIR.PSGR,,,,,,,,,,,4585300,5013400,5360200,6261300,6811800,7320600,8580400,8761000,9739500,11291300,13019500,14210700,14279000,14397500,14786200,15179600,14090900,14322400,14862300,14713200,14808400,14208800,13512500,13923000,14942600,15368600,16034300,16477400,16242300,17122000,17912857,17173516,16535011,17883529,20167567,23620094,25775571,27232504,28096606,27748907,38191509.14,42648276.4,45408840.8,43790341.82,44380996.12,47850992,49683303,54260831.08,64951730.36,66236333.92,24494981.6,31483072.69
Small states,SST,"Air transport, passengers carried",IS.AIR.PSGR,,,,,,,,,,,,,,,,,,,,,,,,,5707300,6070500,6473900,6812200,7217100,7432700,7721900,7896400,8056000,8524000,9908800,10640200,10398600,10527200,11183800,12601900,13256526,13073614,,13587478,13321752,,,,,,16746120.35,17621616.56,17687358.02,17421157.6,19250965.95,,,23815954,26125093.88,22982275.58,6944153.031,5843535.584
Sao Tome and Principe,STP,"Air transport, passengers carried",IS.AIR.PSGR,,,,,,,,,,,,,,,,,,,,,,,,,,9500,9000,22000,22000,22300,22300,22300,22300,22300,22300,22300,23000,24600,24500,33500,35054,35054,34496,35680,40076,43282,47585,50440,51921,50716,,,,,,,,,36660,41933,20703,28019
Suriname,SUR,"Air transport, passengers carried",IS.AIR.PSGR,,,,,,,,,,,,,,,,,50000,53000,120000,146400,144000,144000,107000,106000,117000,108000,89200,110400,135000,132500,132500,150000,123000,96000,148900,161800,194700,278800,277700,307500,232649,202899,191094,258311,289309,315410,306504,324821,329788,303117,214667,204096.676,240525.4415,255204,269148,259682,280090,284935,272347,236601,221654,20181
Slovak Republic,SVK,"Air transport, passengers carried",IS.AIR.PSGR,,,,,,,,,,,,,,,,,,,,,,,,,,,,,,,,,,18300,22500,41100,62600,80700,107300,110600,57095,43113,82821,190182,636276,711939,779759,2679227,2690428,3440816,74856,34859,45111,64008,29031.5983,11098,12928,7925,,,2669,8900
Slovenia,SVN,"Air transport, passengers carried",IS.AIR.PSGR,,,,,,,,,,,,,,,,,,,,,,,,,,,,,,,,,188400,291200,339600,370700,393000,403800,459900,555500,627907,689635,720513,758392,764991,757651,860735,945420,1103685,953378,979803,972711,816630,857000,916981,1045409,1009559,1087075,1094762,869640.1,78565,21037
Sweden,SWE,"Air transport, passengers carried",IS.AIR.PSGR,,,,,,,,,,,2550000,2913800,3014000,3225900,3350300,3464700,3908900,3851800,4360900,5193400,5209400,5632000,6091100,6590800,7335200,7609600,8713900,9428800,10211900,10855000,11402500,9826800,9923500,9719000,10807700,9498000,9879000,11326900,11877700,12917600,13354314,13123426,12421220,11586025,11623925,,,,,,41153081,46260220,49192941,51925707,57789383,58636668,55672453,51825549,51473905,50957868.6,14105839.8,20067143.63
Eswatini,SWZ,"Air transport, passengers carried",IS.AIR.PSGR,,,,,,,,,,,,,,14000,14000,14000,14000,15000,15500,30000,31000,28800,24400,29000,34300,39400,45000,45700,47000,50700,52900,59300,57200,58400,64800,49300,54300,40700,40500,83000,89791,,,,,,,,,,,,,,,,,,51633,52744,10647,13338
Sint Maarten (Dutch part),SXM,"Air transport, passengers carried",IS.AIR.PSGR,,,,,,,,,,,,,,,,,,,,,,,,,,,,,,,,,,,,,,,,,,,,,,,,,,,,,,,,,,,,,,
Seychelles,SYC,"Air transport, passengers carried",IS.AIR.PSGR,,,,,,,,,,,,,,,,,12000,12000,12000,12000,15000,15000,65100,65100,113000,185000,195000,223000,227500,179100,242400,242600,239500,289300,297400,314000,373200,384300,368600,347200,393835,419967,518183,413096,461885,498836,545265,574515,586106,564580,412714,393834,235994,344436,407280,497496,567914,633518,455201,414088,149489,137565
Syrian Arab Republic,SYR,"Air transport, passengers carried",IS.AIR.PSGR,,,,,,,,,,,139000,145300,235700,184700,284300,370700,448200,410600,494700,433200,465000,515500,466400,486600,464400,475800,458600,390600,341600,456200,613300,661200,551900,485000,472100,563100,598500,694200,685400,668400,750129,760923,926850,907850,1169646,1239825,1252102,1371450,1358473,1342518,1158366,1433766.695,907927.7418,475932,475932,17902,18117,17564,17896.92117,18456.64505,299469,672219
Turks and Caicos Islands,TCA,"Air transport, passengers carried",IS.AIR.PSGR,,,,,,,,,,,,,,,,,,,,,,,,,,,,,,,,,,,,,,,,,,,,,,,,,,,,,,,,,,,,,,
Chad,TCD,"Air transport, passengers carried",IS.AIR.PSGR,,,,,,,,,,,55400,55000,50900,55100,59500,65500,72400,79400,90200,96300,106100,80100,82800,84500,87700,93500,104500,86600,86400,91100,93300,83400,83400,85200,86300,92100,93100,93000,98000,83900,77273,46364,,,,,,,,,48519.19966,74653.8,52041.6,28080,28332,,,,,,,
East Asia & Pacific (IDA & IBRD countries),TEA,"Air transport, passengers carried",IS.AIR.PSGR,,,,,,,,,,,,,,,10458800,11774800,12545500,13406100,15501800,17583700,19271100,22578600,23809200,23966000,27011600,29876100,34562200,39822200,47560600,43888600,52002100,57726400,68859100,76948800,88615600,104066600,110608300,107441300,106316600,105448300,117392048,131820683,144870039,145911102,202852010,220785964,244343650,277657591,287610282,326402729,430771969.4,482426892.5,525964519.9,579440333.8,640110151.3,708750644,790446548,881640190,964270665.1,1003417980,545604200.5,516083074
Europe & Central Asia (IDA & IBRD countries),TEC,"Air transport, passengers carried",IS.AIR.PSGR,,,,,,,,,,,,,,,,,,,,,,,,,,,,,,,,,86420700,54682300,48310200,46923144.1,42728900,41166500,37014300,40019000,41986042,44543460,45328183,49555883,58378519,63293892,69212039,77911513,87710738,88865012,115461132,133766768.6,153418991.8,171433958.6,188867281.8,206959900,214729427,241813816,263345266.5,272506497.3,125376901.2,192532291.3
Togo,TGO,"Air transport, passengers carried",IS.AIR.PSGR,,,,,,,,,,,29900,31400,27700,30000,33800,37900,43600,48900,55700,60800,64600,67600,69800,71000,71700,77500,78400,70100,69700,74000,76300,66300,66300,68200,69200,74100,75100,85500,90500,83900,77273,46364,,,,,,,,,663013,832351.1564,745781.7481,840948,426344.0399,420875,475185,500686,566295,633629,320806,672184
Thailand,THA,"Air transport, passengers carried",IS.AIR.PSGR,,,,,,,,,,,764200,713100,785600,1021000,1261000,1616500,1633800,1331500,1773800,2088900,2459000,2834600,3154900,3357000,3671300,4065900,4370000,5179600,6235900,7364500,8201400,7708600,8546800,10196900,11404700,12771400,14078300,14235800,15015400,15950500,17392091,17662418,18111892,16622502,20342582,18902629,20102408,21191723,19993134,19618735,28780723,31940491.98,36392469.35,43029150.6,46546612.48,56447637,62341676,70704889,76053042.75,76344410,28179302.67,12734583
Tajikistan,TJK,"Air transport, passengers carried",IS.AIR.PSGR,,,,,,,,,,,,,,,,,,,,,,,,,,,,,,,,,,782600,782600,822100,594000,594000,591700,155800,168006,,496905,442712,598456,479172,394440,501178,683248,764505,616999.4123,846967.3803,650130.5474,683060.1575,1064176.328,1034477,1037897,580374,492320,539094.616,260316,125163.504
Turkmenistan,TKM,"Air transport, passengers carried",IS.AIR.PSGR,,,,,,,,,,,,,,,,,,,,,,,,,,,,,,,,,,747800,747800,747800,523000,523000,521000,1050400,1283780,1407423,1407423,1411910,1612479,1653638,1843140,1850921,1823157,1706055,300970,160243.7654,147500,1800847.458,579715.68,897079,1318350,2136219,2457474,2081424.32,1084543.419,648370.136
Latin America & the Caribbean (IDA & IBRD countries),TLA,"Air transport, passengers carried",IS.AIR.PSGR,,,,,,,,,,,16844000,17830100,20090400,22015500,25843700,29706400,33027800,36254400,40006700,46621500,50802300,50925000,52614200,51979200,52942400,54531200,58676800,60008400,59505900,64470900,62937900,62216000,63335900,66721700,72301500,71128400,75346000,83418400,88239900,90651300,93639750,99068745,95813090,92587521,99215943,105704481,108594923,118159408,131727500,138693494,175872865,195644076.8,214936094,232318775.1,246692569.6,262023503,264419476,273553611.4,290659005.9,302747680.6,119711410.7,186616854.6
Timor-Leste,TLS,"Air transport, passengers carried",IS.AIR.PSGR,,,,,,,,,,,,,,,,,,,,,,,,,,,,,,,,,,,,,,,,,,,,,,,,,,,,,,,,,,,,,,
"Middle East, North Africa, Afghanistan & Pakistan (IDA & IBRD)",TMN,"Air transport, passengers carried",IS.AIR.PSGR,,,,,,,,,,,4996400,5307900,5547100,6513700,8064400,10156200,12435100,14248200,15815100,15807700,16675900,17213000,18592200,20606100,21565200,21586300,21886400,23019900,24417200,25487200,26390100,24135100,25831400,24870400,25919700,26426300,28587500,32309900,30738600,31095600,31544038,40091314,30929333,37322138,35566121,36624267,39971463,41644664,41470684,43324788,61357712.77,62510145.68,60685403.42,63599011.23,64250755.09,61012644,67306499,75565653.79,75246086.92,77266751.25,31123156.25,39460765.32
Tonga,TON,"Air transport, passengers carried",IS.AIR.PSGR,,,,,,,,,,,,,,,,,,,,,,,,,7800,8000,30200,37300,33200,33900,34600,34600,35300,35300,53300,53300,56000,49000,48800,50300,51615,56777,58480,60819,75416,,,,,,,,,,,,,,,,,
South Asia (IDA & IBRD),TSA,"Air transport, passengers carried",IS.AIR.PSGR,,,,,,,,,,,2979600,2887900,3633800,4240100,3839400,4674400,5373300,6066800,7033800,7717800,7858700,8969400,10020100,10806000,11984300,13019700,13750200,14533700,15566500,15177500,13494500,13282200,13891100,12169700,14530900,17582700,16814200,19566400,19922900,19516700,21379284,20763520,21361233,23453249,28563261,32943015,45773342,57021399,54717867,58892398,70300953.89,80811963.82,79933576.69,84015308.4,92371330.46,109824144,130946386,154000765.6,181588446.6,182499352.7,75515185.69,91438001.43
Sub-Saharan Africa (IDA & IBRD countries),TSS,"Air transport, passengers carried",IS.AIR.PSGR,,,,,,,,,,,4585300,5013400,5360200,6261300,6811800,7320600,8580400,8761000,9739500,11291300,13019500,14210700,14279000,14397500,14786200,15179600,14090900,14322400,14862300,14713200,14808400,14208800,13512500,13923000,14942600,15368600,16034300,16477400,16242300,17122000,17912857,17173516,16535011,17883529,20167567,23620094,25775571,27232504,28096606,27748907,38191509.14,42648276.4,45408840.8,43790341.82,44380996.12,47850992,49683303,54260831.08,64951730.36,66236333.92,24494981.6,31483072.69
Trinidad and Tobago,TTO,"Air transport, passengers carried",IS.AIR.PSGR,,,,,,,,,,,361100,362400,319900,324700,335700,595000,683800,591100,428100,659200,877200,1301500,1380700,1344700,1398000,1299500,1342400,1312300,1296100,1310400,1285400,1345300,1354000,1389000,1642100,1727000,897200,807500,804400,1111700,1254425,1387639,1268879,1084186,1132392,1055106,1024304,1085650,1102669,1014016,1842253,2625055.713,2625055.713,2865852,2732100,2617843,2598521,2582961,2458183,2583595,677670,652148
Tunisia,TUN,"Air transport, passengers carried",IS.AIR.PSGR,,,,,,,,,,,244800,308900,375100,485600,629600,782000,809300,855500,963000,1088800,978200,1140900,1209100,1258100,1254900,1281600,1054800,1203300,1210300,1315400,1313000,1201200,1249900,1351000,1390800,1419400,1371200,1779300,1859000,1922600,1907876,1926118,1789327,1719524,1940037,1996699,2054641,2054679,2274580,2278964,2739634,3153388.977,3580910.219,4648608,4628511,3496190,3606247,3963968,4274199,4335325,1381745,1675777
Turkiye,TUR,"Air transport, passengers carried",IS.AIR.PSGR,,,,,,,,,,,1035700,1476000,1774500,2222800,1795100,1777800,2427300,2751700,2221500,2458400,1253700,2071300,2094600,2233600,2575400,2508000,2721900,3260900,3497300,3792300,4337100,3160000,4958600,6076800,6871600,7749000,8463900,9379900,9949300,10097300,12187891,10603908,10686877,10745444,14275835,16943828,19361415,22895275,25505092,31339441,45665249,53500303,63350312,74413804.62,84574844,96604665,100366461,107917326,115595495.8,111131475,44722690.06,69065868
Tuvalu,TUV,"Air transport, passengers carried",IS.AIR.PSGR,,,,,,,,,,,,,,,,,,,,,,,,,,,,,,,,,,,,,,,,,,,,,,,,,,,,,,,,,,,,,,
Tanzania,TZA,"Air transport, passengers carried",IS.AIR.PSGR,,,,,,,,,,,171400,188000,196900,256800,282900,271700,310300,85700,192200,292300,387600,324800,401700,407100,498500,450900,441100,456100,410300,266800,292100,289700,216400,188500,199200,236400,224000,217800,220200,190000,193069,174559,134470,149540,243087,257223,189844,250849,202704,683541,750421,914932.0376,1030203.575,1173942.818,1124913.454,1312807,1179664,1221678,1698386,1498093,823670,1146973
Uganda,UGA,"Air transport, passengers carried",IS.AIR.PSGR,,,,,,,,,,,171500,188000,165500,52400,62700,57600,73800,,,,82600,62600,62200,75100,49500,35300,50000,46000,61000,116000,116000,26300,31600,77700,62500,94600,100200,100200,99800,179400,39379,40560,40560,39749,45711,49368,55292,59715,63160,64234,154909,141603,182144.4,198804,163824,41812,52187,14958,21212,19822.5,4946,16490
Ukraine,UKR,"Air transport, passengers carried",IS.AIR.PSGR,,,,,,,,,,,,,,,,,,,,,,,,,,,,,,,,,4906200,1278000,604900,1005300,1151200,1189600,1066400,910100,950697,986022,1119889,1652632,2200094,2512910,2801992,1736018,3456288,3427818,3956053,5477654.918,5828107.612,5218814.574,4503610,4620530,5756509,6794396,7854842,7604522.332,1801014,3282709
Upper middle income,UMC,"Air transport, passengers carried",IS.AIR.PSGR,,,,,,,,,,,,,,,36659500,42164400,47501800,51859600,57198400,64491600,69096900,72024800,74505600,76772500,82524700,85886200,93972400,100668300,106494700,107542000,118254200,120166400,143440800,147866500,166141200,182640800,196039100,201464900,204792100,206433700,224239108,245198959,250625959,259919293,321710104,349377401,381514679,422872031,443914429,491984272,641093899.8,711729121.3,778626926.5,856359982.7,925571963.3,1015013145,1097628472,1216726116,1319414932,1357362972,685149771.5,768105896.2
Uruguay,URY,"Air transport, passengers carried",IS.AIR.PSGR,,,,,,,,,,,219300,221300,136000,137700,346200,333600,326900,292900,259700,456100,477600,412600,356500,310400,338100,328500,340800,351300,385600,313100,318300,318300,430000,502900,499300,476700,504000,544000,556700,593400,642027,558563,525049,463884,564149,586458,568864,602996,612644,563632,,,,,,,,,,,,
United States,USA,"Air transport, passengers carried",IS.AIR.PSGR,,,,,,,,,,,163448992,174143104,191325408,202309200,207612400,204900400,223017296,240144992,273025504,313624000,295329088,281086400,290992608,315600096,340191488,372059104,414554496,441832704,454202912,453161504,464574016,452015904,466964992,469926112,514924000,533512096,571072000,590571392,588170880,634364608,665327414,622187846,598410415,588997110,678110608,720547738,725530965,744302310,701779551,679423408,720497000,730796000,736699000,743171000,762710000,798222000,824039000,849403000,889024000,926737000,369501000,666153000
Uzbekistan,UZB,"Air transport, passengers carried",IS.AIR.PSGR,,,,,,,,,,,,,,,,,,,,,,,,,,,,,,,,,4032500,2217300,2217300,2217300,1566200,1566200,1560200,1657600,1744510,2256380,1451004,1465798,1588049,1639276,1665190,1940378,2033933,1850056,2114050,2275947,2593509,2614085,2545935,2486673,2383631,2581865,3056558,3685192,933769,2010914
St. Vincent and the Grenadines,VCT,"Air transport, passengers carried",IS.AIR.PSGR,,,,,,,,,,,,,,,,,,,,,,,,,,,,,,,,,,,,,,,,,,,,,,,,,,,,,,,,,,,,,,
"Venezuela, RB",VEN,"Air transport, passengers carried",IS.AIR.PSGR,,,,,,,,,,,1253300,1301600,1511000,1765900,1981500,2355200,2708400,3500600,4042700,4771700,5133300,5147000,5667200,5000200,4570800,4966500,5790900,6454100,8383800,10098800,6846800,6795200,7149400,6813900,5266800,4445000,4487400,4020300,3736600,4690000,4295000,9452434,6369455,3889929,4943887,5043028,5225573,5495292,5766973,5121009,6428163,7728281.254,7738509.645,6866780.599,7888722.399,7086072,6025475,4209158,2217407,1516839,283524,265276
British Virgin Islands,VGB,"Air transport, passengers carried",IS.AIR.PSGR,,,,,,,,,,,,,,,,,,,,,,,,,,,,,,,,,,,,,,,,,,,,,,,,,,,,,,,,,,,,,,
Virgin Islands (U.S.),VIR,"Air transport, passengers carried",IS.AIR.PSGR,,,,,,,,,,,,,,,,,,,,,,,,,,,,,,,,,,,,,,,,,,,,,,,,,,,,,,,,,,,,,,
Viet Nam,VNM,"Air transport, passengers carried",IS.AIR.PSGR,,,,,,,,,,,1525600,1051300,854400,664700,552600,165000,,,,,6000,27000,27000,11500,74000,84000,88000,87000,87800,88200,89000,198000,204200,1200000,1670000,2290000,2107500,2527300,2303500,2600000,2877894,3427176,4038133,3969320,5049706,5453683,5283831,7194443,9991145,11073604,14377619,16544477.83,16976051.38,20429309.91,23826013.27,29944771,37349272,42592762,47049671,53227026,31771202,14754847
Vanuatu,VUT,"Air transport, passengers carried",IS.AIR.PSGR,,,,,,,,,,,,,,,,,,,,,,,16800,24600,16700,14400,15300,16600,18500,18500,18500,53000,59200,66700,70400,65600,72800,75000,88700,86000,101503,97471,104294,83151,103939,112254,116744,122581,120742,112169,247944,240396.4377,318747,327060,320232,272332,299315,341110,374603,466865.0531,136360,128164
World,WLD,"Air transport, passengers carried",IS.AIR.PSGR,,,,,,,,,,,310441392,331604904,,401571800,421145200,432276500,471773396,513269292,576090004,648400600,641872888,640619400,654482108,685101596,732410288,783198104,842594296,904838104,953896012,983208800,1024976616,1133228204,1145436692,1142265216,1233233404,1302891640,1390963704,1455104192,1466961780,1562256300,1674064712,1655230214,1627404873,1665309283,1888695284,1969590799,2072413898,2209136496,2208218737,2249728546,2669414339,2833214050,2943247913,3100200780,3285080769,3525115153,3760774350,4025616012,4293921426,4455690101,1771894087,2279974770
Samoa,WSM,"Air transport, passengers carried",IS.AIR.PSGR,,,,,,,,,,,,,,,,,,,,,,,,,,,,,,,,,,,,,270000,74900,148800,155500,164142,173479,182292,198115,246875,266625,287596,294927,290503,270908,,,,,76944,98950,116167,81921,77811,74867,11957,7212
Kosovo,XKX,"Air transport, passengers carried",IS.AIR.PSGR,,,,,,,,,,,,,,,,,,,,,,,,,,,,,,,,,,,,,,,,,,,,,,,,,,,,,,,,,,,,,,
"Yemen, Rep.",YEM,"Air transport, passengers carried",IS.AIR.PSGR,,,,,,,,,,,25900,54500,57000,61500,66500,70000,262800,275000,295000,295000,310000,310000,352100,465900,455800,426200,589700,575500,635500,667900,671100,540500,800400,847900,790600,375000,587500,706900,765000,731000,841609,841366,869296,844284,1022079,1083404,1162316,1073493,1064878,1050486,1536556,1492073.329,1299707.239,1664220,1665552,443685,242723,132571,336310,,52034.893,52034.893
South Africa,ZAF,"Air transport, passengers carried",IS.AIR.PSGR,,,,,,,,,,,1519000,1659500,1868100,2313800,2763600,2936400,2998800,3076800,3211200,3783700,4116000,4159800,4091200,3951800,4461400,4337300,3825000,4386900,5125900,5641500,5364900,4818600,4685000,5581500,5801600,6395500,7183100,7274200,6479500,7403800,8000757,7948374,8052660,9159815,9878598,11844657,12932671,12870324,13135437,12503629,15781210,16407784.96,17571565.2,16311250,17026643.22,18882898,19744932,20821044,24660386,26211258,8304771.044,9321575.836
Zambia,ZMB,"Air transport, passengers carried",IS.AIR.PSGR,,,,,,,,,,,187800,214200,230100,230600,240600,232600,256800,299400,317100,295700,257400,278300,253100,236700,245600,253900,237700,257900,303500,365300,407200,292500,246000,219000,234700,,,49600,48800,77700,89628,48517,47075,50977,49888,53880,58679,61589,62467,,260502,306034.3,127296.65,10032,8592,203617,144060,154573,16633.13894,17505.68964,8717.833,136609.957
Zimbabwe,ZWE,"Air transport, passengers carried",IS.AIR.PSGR,,,,,,,,,,,267400,291300,315000,340000,,,,,,,412300,535200,448600,449200,440700,453100,451500,459900,525100,583400,601300,740200,677900,594600,675300,625700,653700,790100,788900,651000,607976,308096,250532,200857,225021,243022,239045,254783,264404,261480,258828,279347.6184,320945.9998,351564,301260,370165,378803,282539,282539,,324226.537,75638.12